{
  "distribution_allocation_review": {
    "brand": "VLK",
    "country": "USA",
    "order_type": "MBO",
    "order_cycle": {
      "calendar_month": "SEP",
      "calendar_year": 2019
    },
    "model_year": 2019,
    "carline_code": "ATL1",
    "carline_name": "Atlas",
    "carline_lock_status": [
      {
        "model_year": 2019,
        "carline_code": "ART8",
        "carline_name": "Arteon",
        "lock_status": true
      },
      {
        "model_year": 2019,
        "carline_code": "ATL1",
        "carline_name": "Atlas",
        "lock_status": false
      },
      {
        "model_year": 2019,
        "carline_code": "BCGP",
        "carline_name": "Beetle Convertible",
        "lock_status": true
      },
      {
        "model_year": 2019,
        "carline_code": "GOGP",
        "carline_name": "Golf",
        "lock_status": true
      },
      {
        "model_year": 2019,
        "carline_code": "GRGP",
        "carline_name": "Golf R",
        "lock_status": true
      },
      {
        "model_year": 2019,
        "carline_code": "GSGP",
        "carline_name": "Golf SportWagen",
        "lock_status": true
      },
      {
        "model_year": 2019,
        "carline_code": "GTGP",
        "carline_name": "GTI",
        "lock_status": true
      },
      {
        "model_year": 2019,
        "carline_code": "JET7",
        "carline_name": "Jetta",
        "lock_status": true
      },
      {
        "model_year": 2019,
        "carline_code": "NBGP",
        "carline_name": "Beetle",
        "lock_status": true
      },
      {
        "model_year": 2019,
        "carline_code": "PAGP",
        "carline_name": "Passat",
        "lock_status": true
      },
      {
        "model_year": 2019,
        "carline_code": "TIG7",
        "carline_name": "Tiguan LWB",
        "lock_status": true
      }
    ],
    "cluster_calculation_summary": {
      "total_vol": 877,
      "clusters": [
        {
          "cluster": "CER1",
          "allocation_vol": 103
        },
        {
          "cluster": "CER2",
          "allocation_vol": 29
        },
        {
          "cluster": "NER1",
          "allocation_vol": 65
        },
        {
          "cluster": "NER2",
          "allocation_vol": 105
        },
        {
          "cluster": "PAR1",
          "allocation_vol": 44
        },
        {
          "cluster": "PAR2",
          "allocation_vol": 69
        },
        {
          "cluster": "PAR3",
          "allocation_vol": 41
        },
        {
          "cluster": "PAR4",
          "allocation_vol": 96
        },
        {
          "cluster": "SER1",
          "allocation_vol": 80
        },
        {
          "cluster": "SER2",
          "allocation_vol": 56
        },
        {
          "cluster": "SER3",
          "allocation_vol": 103
        },
        {
          "cluster": "SER4",
          "allocation_vol": 86
        }
      ]
    },
    "claclulation_result_details": {
      "cluster": "CER1",
      "total_vol": 103,
      "dealer_mix": [
        {
          "area": "4B",
          "dealer": 424102,
          "sales_history": 31,
          "sales_outlook": 15,
          "sales_rate": 7.68,
          "inventory": 0,
          "transit_time_adjustment": 0.89,
          "earned_allocation": 2,
          "init_day_supply": 1
        },
        {
          "area": "4B",
          "dealer": 424154,
          "sales_history": 2,
          "sales_outlook": 2,
          "sales_rate": 0.61,
          "inventory": 0,
          "transit_time_adjustment": 0.89,
          "earned_allocation": 1,
          "init_day_supply": 1
        },
        {
          "area": "4B",
          "dealer": 424165,
          "sales_history": 2,
          "sales_outlook": 1,
          "sales_rate": 0.57,
          "inventory": 1,
          "transit_time_adjustment": 0.89,
          "earned_allocation": 0,
          "init_day_supply": 54
        },
        {
          "area": "4B",
          "dealer": 424166,
          "sales_history": 1,
          "sales_outlook": 1,
          "sales_rate": 0.32,
          "inventory": 0,
          "transit_time_adjustment": 0.89,
          "earned_allocation": 1,
          "init_day_supply": 1
        },
        {
          "area": "4B",
          "dealer": 424172,
          "sales_history": 0,
          "sales_outlook": 0,
          "sales_rate": 0,
          "inventory": 0,
          "transit_time_adjustment": 0.89,
          "earned_allocation": 2,
          "init_day_supply": 0
        },
        {
          "area": "4B",
          "dealer": 424218,
          "sales_history": 8,
          "sales_outlook": 4,
          "sales_rate": 2.05,
          "inventory": 0,
          "transit_time_adjustment": 0.89,
          "earned_allocation": 2,
          "init_day_supply": 1
        },
        {
          "area": "4B",
          "dealer": 424223,
          "sales_history": 2,
          "sales_outlook": 1,
          "sales_rate": 0.49,
          "inventory": 0,
          "transit_time_adjustment": 0.89,
          "earned_allocation": 1,
          "init_day_supply": 1
        },
        {
          "area": "4B",
          "dealer": 424224,
          "sales_history": 1,
          "sales_outlook": 1,
          "sales_rate": 0.3,
          "inventory": 2,
          "transit_time_adjustment": 0.89,
          "earned_allocation": 0,
          "init_day_supply": 204
        },
        {
          "area": "4B",
          "dealer": 424313,
          "sales_history": 0,
          "sales_outlook": 0,
          "sales_rate": 0,
          "inventory": 0,
          "transit_time_adjustment": 0.89,
          "earned_allocation": 2,
          "init_day_supply": 0
        },
        {
          "area": "4B",
          "dealer": 424326,
          "sales_history": 0,
          "sales_outlook": 0,
          "sales_rate": 0,
          "inventory": 0,
          "transit_time_adjustment": 0.89,
          "earned_allocation": 1,
          "init_day_supply": 0
        },
        {
          "area": "4B",
          "dealer": 424329,
          "sales_history": 7,
          "sales_outlook": 4,
          "sales_rate": 1.82,
          "inventory": 0,
          "transit_time_adjustment": 0.89,
          "earned_allocation": 1,
          "init_day_supply": 1
        },
        {
          "area": "4B",
          "dealer": 424339,
          "sales_history": 1,
          "sales_outlook": 1,
          "sales_rate": 0.25,
          "inventory": 1,
          "transit_time_adjustment": 0.89,
          "earned_allocation": 0,
          "init_day_supply": 121
        },
        {
          "area": "4B",
          "dealer": 425372,
          "sales_history": 1,
          "sales_outlook": 1,
          "sales_rate": 0.29,
          "inventory": 1,
          "transit_time_adjustment": 0.89,
          "earned_allocation": 0,
          "init_day_supply": 105
        },
        {
          "area": "4F",
          "dealer": 420309,
          "sales_history": 7,
          "sales_outlook": 5,
          "sales_rate": 2.06,
          "inventory": 0,
          "transit_time_adjustment": -2.95,
          "earned_allocation": 1,
          "init_day_supply": 0
        },
        {
          "area": "4F",
          "dealer": 420312,
          "sales_history": 6,
          "sales_outlook": 3,
          "sales_rate": 1.56,
          "inventory": 0,
          "transit_time_adjustment": -2.95,
          "earned_allocation": 1,
          "init_day_supply": 0
        },
        {
          "area": "4F",
          "dealer": 420324,
          "sales_history": 3,
          "sales_outlook": 2,
          "sales_rate": 0.8,
          "inventory": 0,
          "transit_time_adjustment": -2.95,
          "earned_allocation": 1,
          "init_day_supply": 0
        },
        {
          "area": "4F",
          "dealer": 425416,
          "sales_history": 2,
          "sales_outlook": 1,
          "sales_rate": 0.52,
          "inventory": 2,
          "transit_time_adjustment": -2.95,
          "earned_allocation": 0,
          "init_day_supply": 114
        },
        {
          "area": "4F",
          "dealer": 425435,
          "sales_history": 5,
          "sales_outlook": 3,
          "sales_rate": 1.39,
          "inventory": 0,
          "transit_time_adjustment": -2.95,
          "earned_allocation": 1,
          "init_day_supply": 0
        },
        {
          "area": "4F",
          "dealer": 425436,
          "sales_history": 4,
          "sales_outlook": 2,
          "sales_rate": 1.03,
          "inventory": 3,
          "transit_time_adjustment": -2.95,
          "earned_allocation": 0,
          "init_day_supply": 85
        },
        {
          "area": "4G",
          "dealer": 420101,
          "sales_history": 1,
          "sales_outlook": 1,
          "sales_rate": 0.27,
          "inventory": 0,
          "transit_time_adjustment": -3.01,
          "earned_allocation": 1,
          "init_day_supply": 0
        },
        {
          "area": "4G",
          "dealer": 420111,
          "sales_history": 1,
          "sales_outlook": 1,
          "sales_rate": 0.27,
          "inventory": 1,
          "transit_time_adjustment": -3.01,
          "earned_allocation": 0,
          "init_day_supply": 108
        },
        {
          "area": "4G",
          "dealer": 420112,
          "sales_history": 1,
          "sales_outlook": 1,
          "sales_rate": 0.32,
          "inventory": 0,
          "transit_time_adjustment": -3.01,
          "earned_allocation": 1,
          "init_day_supply": 0
        },
        {
          "area": "4G",
          "dealer": 420113,
          "sales_history": 7,
          "sales_outlook": 4,
          "sales_rate": 1.79,
          "inventory": 0,
          "transit_time_adjustment": -3.01,
          "earned_allocation": 2,
          "init_day_supply": 0
        },
        {
          "area": "4G",
          "dealer": 420114,
          "sales_history": 0,
          "sales_outlook": 0,
          "sales_rate": 0,
          "inventory": 1,
          "transit_time_adjustment": -3.01,
          "earned_allocation": 1,
          "init_day_supply": 0
        },
        {
          "area": "4G",
          "dealer": 420129,
          "sales_history": 3,
          "sales_outlook": 1,
          "sales_rate": 0.73,
          "inventory": 2,
          "transit_time_adjustment": -3.01,
          "earned_allocation": 0,
          "init_day_supply": 79
        },
        {
          "area": "4G",
          "dealer": 420130,
          "sales_history": 0,
          "sales_outlook": 0,
          "sales_rate": 0,
          "inventory": 0,
          "transit_time_adjustment": -3.01,
          "earned_allocation": 1,
          "init_day_supply": 0
        },
        {
          "area": "4G",
          "dealer": 420138,
          "sales_history": 1,
          "sales_outlook": 1,
          "sales_rate": 0.3,
          "inventory": 0,
          "transit_time_adjustment": -3.01,
          "earned_allocation": 1,
          "init_day_supply": 0
        },
        {
          "area": "4G",
          "dealer": 420144,
          "sales_history": 0,
          "sales_outlook": 0,
          "sales_rate": 0,
          "inventory": 0,
          "transit_time_adjustment": -3.01,
          "earned_allocation": 2,
          "init_day_supply": 0
        },
        {
          "area": "4G",
          "dealer": 420149,
          "sales_history": 1,
          "sales_outlook": 1,
          "sales_rate": 0.26,
          "inventory": 0,
          "transit_time_adjustment": -3.01,
          "earned_allocation": 1,
          "init_day_supply": 0
        },
        {
          "area": "4G",
          "dealer": 420150,
          "sales_history": 0,
          "sales_outlook": 0,
          "sales_rate": 0,
          "inventory": 2,
          "transit_time_adjustment": -3.01,
          "earned_allocation": 0,
          "init_day_supply": 0
        },
        {
          "area": "4G",
          "dealer": 420156,
          "sales_history": 3,
          "sales_outlook": 2,
          "sales_rate": 0.85,
          "inventory": 1,
          "transit_time_adjustment": -3.01,
          "earned_allocation": 1,
          "init_day_supply": 33
        },
        {
          "area": "4G",
          "dealer": 420504,
          "sales_history": 1,
          "sales_outlook": 1,
          "sales_rate": 0.28,
          "inventory": 0,
          "transit_time_adjustment": -3.01,
          "earned_allocation": 1,
          "init_day_supply": 0
        },
        {
          "area": "4G",
          "dealer": 420704,
          "sales_history": 0,
          "sales_outlook": 0,
          "sales_rate": 0,
          "inventory": 1,
          "transit_time_adjustment": -3.01,
          "earned_allocation": 1,
          "init_day_supply": 0
        },
        {
          "area": "4J",
          "dealer": 402105,
          "sales_history": 3,
          "sales_outlook": 3,
          "sales_rate": 0.98,
          "inventory": 0,
          "transit_time_adjustment": -0.77,
          "earned_allocation": 1,
          "init_day_supply": 0
        },
        {
          "area": "4J",
          "dealer": 402130,
          "sales_history": 0,
          "sales_outlook": 0,
          "sales_rate": 0,
          "inventory": 0,
          "transit_time_adjustment": -0.77,
          "earned_allocation": 1,
          "init_day_supply": 0
        },
        {
          "area": "4J",
          "dealer": 402132,
          "sales_history": 1,
          "sales_outlook": 0,
          "sales_rate": 0.25,
          "inventory": 0,
          "transit_time_adjustment": -0.77,
          "earned_allocation": 1,
          "init_day_supply": 0
        },
        {
          "area": "4J",
          "dealer": 402147,
          "sales_history": 7,
          "sales_outlook": 3,
          "sales_rate": 1.66,
          "inventory": 3,
          "transit_time_adjustment": -0.77,
          "earned_allocation": 0,
          "init_day_supply": 54
        },
        {
          "area": "4J",
          "dealer": 402157,
          "sales_history": 5,
          "sales_outlook": 3,
          "sales_rate": 1.27,
          "inventory": 0,
          "transit_time_adjustment": -0.77,
          "earned_allocation": 1,
          "init_day_supply": 0
        },
        {
          "area": "4J",
          "dealer": 402163,
          "sales_history": 36,
          "sales_outlook": 17,
          "sales_rate": 8.8,
          "inventory": 3,
          "transit_time_adjustment": -0.77,
          "earned_allocation": 0,
          "init_day_supply": 10
        },
        {
          "area": "4J",
          "dealer": 402165,
          "sales_history": 2,
          "sales_outlook": 1,
          "sales_rate": 0.5,
          "inventory": 0,
          "transit_time_adjustment": -0.77,
          "earned_allocation": 1,
          "init_day_supply": 0
        },
        {
          "area": "4J",
          "dealer": 402184,
          "sales_history": 3,
          "sales_outlook": 2,
          "sales_rate": 0.8,
          "inventory": 0,
          "transit_time_adjustment": -0.77,
          "earned_allocation": 1,
          "init_day_supply": 0
        },
        {
          "area": "4J",
          "dealer": 402902,
          "sales_history": 2,
          "sales_outlook": 2,
          "sales_rate": 0.59,
          "inventory": 0,
          "transit_time_adjustment": -0.77,
          "earned_allocation": 1,
          "init_day_supply": 0
        },
        {
          "area": "4J",
          "dealer": 403328,
          "sales_history": 6,
          "sales_outlook": 4,
          "sales_rate": 1.59,
          "inventory": 1,
          "transit_time_adjustment": -0.77,
          "earned_allocation": 1,
          "init_day_supply": 19
        },
        {
          "area": "4K",
          "dealer": 402107,
          "sales_history": 4,
          "sales_outlook": 2,
          "sales_rate": 1.05,
          "inventory": 1,
          "transit_time_adjustment": -1.96,
          "earned_allocation": 1,
          "init_day_supply": 27
        },
        {
          "area": "4K",
          "dealer": 402120,
          "sales_history": 7,
          "sales_outlook": 4,
          "sales_rate": 1.75,
          "inventory": 0,
          "transit_time_adjustment": -1.96,
          "earned_allocation": 1,
          "init_day_supply": 0
        },
        {
          "area": "4K",
          "dealer": 402125,
          "sales_history": 2,
          "sales_outlook": 1,
          "sales_rate": 0.58,
          "inventory": 1,
          "transit_time_adjustment": -1.96,
          "earned_allocation": 1,
          "init_day_supply": 50
        },
        {
          "area": "4K",
          "dealer": 402133,
          "sales_history": 7,
          "sales_outlook": 4,
          "sales_rate": 1.84,
          "inventory": 1,
          "transit_time_adjustment": -1.96,
          "earned_allocation": 1,
          "init_day_supply": 15
        },
        {
          "area": "4K",
          "dealer": 402146,
          "sales_history": 6,
          "sales_outlook": 3,
          "sales_rate": 1.54,
          "inventory": 1,
          "transit_time_adjustment": -1.96,
          "earned_allocation": 0,
          "init_day_supply": 18
        },
        {
          "area": "4K",
          "dealer": 402149,
          "sales_history": 2,
          "sales_outlook": 1,
          "sales_rate": 0.55,
          "inventory": 2,
          "transit_time_adjustment": -1.96,
          "earned_allocation": 0,
          "init_day_supply": 109
        },
        {
          "area": "4K",
          "dealer": 402156,
          "sales_history": 3,
          "sales_outlook": 4,
          "sales_rate": 1.21,
          "inventory": 1,
          "transit_time_adjustment": -1.96,
          "earned_allocation": 1,
          "init_day_supply": 23
        },
        {
          "area": "4K",
          "dealer": 402160,
          "sales_history": 0,
          "sales_outlook": 0,
          "sales_rate": 0,
          "inventory": 1,
          "transit_time_adjustment": -1.96,
          "earned_allocation": 1,
          "init_day_supply": 0
        },
        {
          "area": "4K",
          "dealer": 402172,
          "sales_history": 1,
          "sales_outlook": 1,
          "sales_rate": 0.27,
          "inventory": 0,
          "transit_time_adjustment": -1.96,
          "earned_allocation": 1,
          "init_day_supply": 0
        },
        {
          "area": "4K",
          "dealer": 402175,
          "sales_history": 3,
          "sales_outlook": 2,
          "sales_rate": 0.8,
          "inventory": 0,
          "transit_time_adjustment": -1.96,
          "earned_allocation": 1,
          "init_day_supply": 0
        },
        {
          "area": "4K",
          "dealer": 402181,
          "sales_history": 7,
          "sales_outlook": 4,
          "sales_rate": 1.75,
          "inventory": 0,
          "transit_time_adjustment": -1.96,
          "earned_allocation": 1,
          "init_day_supply": 0
        },
        {
          "area": "4L",
          "dealer": 402402,
          "sales_history": 2,
          "sales_outlook": 1,
          "sales_rate": 0.54,
          "inventory": 0,
          "transit_time_adjustment": -0.32,
          "earned_allocation": 1,
          "init_day_supply": 0
        },
        {
          "area": "4L",
          "dealer": 402405,
          "sales_history": 0,
          "sales_outlook": 0,
          "sales_rate": 0,
          "inventory": 0,
          "transit_time_adjustment": -0.32,
          "earned_allocation": 2,
          "init_day_supply": 0
        },
        {
          "area": "4L",
          "dealer": 402406,
          "sales_history": 2,
          "sales_outlook": 1,
          "sales_rate": 0.52,
          "inventory": 0,
          "transit_time_adjustment": -0.32,
          "earned_allocation": 1,
          "init_day_supply": 0
        },
        {
          "area": "4L",
          "dealer": 402407,
          "sales_history": 1,
          "sales_outlook": 1,
          "sales_rate": 0.25,
          "inventory": 0,
          "transit_time_adjustment": -0.32,
          "earned_allocation": 1,
          "init_day_supply": 0
        },
        {
          "area": "4L",
          "dealer": 402408,
          "sales_history": 6,
          "sales_outlook": 3,
          "sales_rate": 1.54,
          "inventory": 0,
          "transit_time_adjustment": -0.32,
          "earned_allocation": 1,
          "init_day_supply": 0
        },
        {
          "area": "4L",
          "dealer": 402409,
          "sales_history": 2,
          "sales_outlook": 1,
          "sales_rate": 0.52,
          "inventory": 0,
          "transit_time_adjustment": -0.32,
          "earned_allocation": 1,
          "init_day_supply": 0
        },
        {
          "area": "4L",
          "dealer": 402415,
          "sales_history": 3,
          "sales_outlook": 2,
          "sales_rate": 0.77,
          "inventory": 3,
          "transit_time_adjustment": -0.32,
          "earned_allocation": 0,
          "init_day_supply": 117
        },
        {
          "area": "4L",
          "dealer": 402420,
          "sales_history": 0,
          "sales_outlook": 0,
          "sales_rate": 0,
          "inventory": 0,
          "transit_time_adjustment": -0.32,
          "earned_allocation": 2,
          "init_day_supply": 0
        },
        {
          "area": "4L",
          "dealer": 402425,
          "sales_history": 2,
          "sales_outlook": 1,
          "sales_rate": 0.49,
          "inventory": 0,
          "transit_time_adjustment": -0.32,
          "earned_allocation": 1,
          "init_day_supply": 0
        },
        {
          "area": "4L",
          "dealer": 402428,
          "sales_history": 2,
          "sales_outlook": 1,
          "sales_rate": 0.54,
          "inventory": 0,
          "transit_time_adjustment": -0.32,
          "earned_allocation": 1,
          "init_day_supply": 0
        },
        {
          "area": "4L",
          "dealer": 402650,
          "sales_history": 0,
          "sales_outlook": 0,
          "sales_rate": 0,
          "inventory": 0,
          "transit_time_adjustment": -0.32,
          "earned_allocation": 1,
          "init_day_supply": 0
        },
        {
          "area": "4L",
          "dealer": 402653,
          "sales_history": 0,
          "sales_outlook": 0,
          "sales_rate": 0,
          "inventory": 0,
          "transit_time_adjustment": -0.32,
          "earned_allocation": 1,
          "init_day_supply": 0
        },
        {
          "area": "4L",
          "dealer": 402700,
          "sales_history": 1,
          "sales_outlook": 1,
          "sales_rate": 0.26,
          "inventory": 0,
          "transit_time_adjustment": -0.32,
          "earned_allocation": 1,
          "init_day_supply": 0
        },
        {
          "area": "4L",
          "dealer": 402707,
          "sales_history": 1,
          "sales_outlook": 0,
          "sales_rate": 0.25,
          "inventory": 0,
          "transit_time_adjustment": -0.32,
          "earned_allocation": 1,
          "init_day_supply": 0
        },
        {
          "area": "4M",
          "dealer": 402607,
          "sales_history": 2,
          "sales_outlook": 1,
          "sales_rate": 0.56,
          "inventory": 0,
          "transit_time_adjustment": -1.63,
          "earned_allocation": 1,
          "init_day_supply": 0
        },
        {
          "area": "4M",
          "dealer": 402611,
          "sales_history": 3,
          "sales_outlook": 2,
          "sales_rate": 0.79,
          "inventory": 0,
          "transit_time_adjustment": -1.63,
          "earned_allocation": 2,
          "init_day_supply": 0
        },
        {
          "area": "4M",
          "dealer": 402612,
          "sales_history": 0,
          "sales_outlook": 0,
          "sales_rate": 0,
          "inventory": 1,
          "transit_time_adjustment": -1.63,
          "earned_allocation": 1,
          "init_day_supply": 0
        },
        {
          "area": "4M",
          "dealer": 402616,
          "sales_history": 8,
          "sales_outlook": 4,
          "sales_rate": 2.03,
          "inventory": 0,
          "transit_time_adjustment": -1.63,
          "earned_allocation": 1,
          "init_day_supply": 0
        },
        {
          "area": "4M",
          "dealer": 402617,
          "sales_history": 0,
          "sales_outlook": 0,
          "sales_rate": 0,
          "inventory": 0,
          "transit_time_adjustment": -1.63,
          "earned_allocation": 1,
          "init_day_supply": 0
        },
        {
          "area": "4M",
          "dealer": 402629,
          "sales_history": 4,
          "sales_outlook": 2,
          "sales_rate": 0.97,
          "inventory": 1,
          "transit_time_adjustment": -1.63,
          "earned_allocation": 1,
          "init_day_supply": 30
        },
        {
          "area": "4M",
          "dealer": 402635,
          "sales_history": 1,
          "sales_outlook": 1,
          "sales_rate": 0.38,
          "inventory": 1,
          "transit_time_adjustment": -1.63,
          "earned_allocation": 0,
          "init_day_supply": 79
        },
        {
          "area": "4M",
          "dealer": 402641,
          "sales_history": 2,
          "sales_outlook": 1,
          "sales_rate": 0.52,
          "inventory": 0,
          "transit_time_adjustment": -1.63,
          "earned_allocation": 1,
          "init_day_supply": 0
        },
        {
          "area": "4M",
          "dealer": 402645,
          "sales_history": 1,
          "sales_outlook": 1,
          "sales_rate": 0.3,
          "inventory": 1,
          "transit_time_adjustment": -1.63,
          "earned_allocation": 0,
          "init_day_supply": 97
        },
        {
          "area": "4M",
          "dealer": 402648,
          "sales_history": 3,
          "sales_outlook": 2,
          "sales_rate": 0.76,
          "inventory": 0,
          "transit_time_adjustment": -1.63,
          "earned_allocation": 1,
          "init_day_supply": 0
        },
        {
          "area": "4M",
          "dealer": 402651,
          "sales_history": 2,
          "sales_outlook": 1,
          "sales_rate": 0.52,
          "inventory": 0,
          "transit_time_adjustment": -1.63,
          "earned_allocation": 1,
          "init_day_supply": 0
        },
        {
          "area": "4M",
          "dealer": 402655,
          "sales_history": 0,
          "sales_outlook": 0,
          "sales_rate": 0,
          "inventory": 0,
          "transit_time_adjustment": -1.63,
          "earned_allocation": 2,
          "init_day_supply": 0
        },
        {
          "area": "4N",
          "dealer": 402104,
          "sales_history": 0,
          "sales_outlook": 0,
          "sales_rate": 0,
          "inventory": 0,
          "transit_time_adjustment": -3.54,
          "earned_allocation": 2,
          "init_day_supply": 0
        },
        {
          "area": "4N",
          "dealer": 402126,
          "sales_history": 0,
          "sales_outlook": 0,
          "sales_rate": 0,
          "inventory": 0,
          "transit_time_adjustment": -3.54,
          "earned_allocation": 1,
          "init_day_supply": 0
        },
        {
          "area": "4N",
          "dealer": 402152,
          "sales_history": 0,
          "sales_outlook": 0,
          "sales_rate": 0,
          "inventory": 0,
          "transit_time_adjustment": -3.54,
          "earned_allocation": 1,
          "init_day_supply": 0
        },
        {
          "area": "4N",
          "dealer": 402300,
          "sales_history": 1,
          "sales_outlook": 0,
          "sales_rate": 0.25,
          "inventory": 0,
          "transit_time_adjustment": -3.54,
          "earned_allocation": 1,
          "init_day_supply": 0
        },
        {
          "area": "4N",
          "dealer": 402301,
          "sales_history": 3,
          "sales_outlook": 1,
          "sales_rate": 0.73,
          "inventory": 0,
          "transit_time_adjustment": -3.54,
          "earned_allocation": 1,
          "init_day_supply": 0
        },
        {
          "area": "4N",
          "dealer": 402308,
          "sales_history": 1,
          "sales_outlook": 1,
          "sales_rate": 0.29,
          "inventory": 0,
          "transit_time_adjustment": -3.54,
          "earned_allocation": 1,
          "init_day_supply": 0
        },
        {
          "area": "4N",
          "dealer": 402315,
          "sales_history": 0,
          "sales_outlook": 0,
          "sales_rate": 0,
          "inventory": 0,
          "transit_time_adjustment": -3.54,
          "earned_allocation": 2,
          "init_day_supply": 0
        },
        {
          "area": "4N",
          "dealer": 402320,
          "sales_history": 4,
          "sales_outlook": 2,
          "sales_rate": 1.03,
          "inventory": 0,
          "transit_time_adjustment": -3.54,
          "earned_allocation": 1,
          "init_day_supply": 0
        },
        {
          "area": "4N",
          "dealer": 402326,
          "sales_history": 0,
          "sales_outlook": 0,
          "sales_rate": 0,
          "inventory": 0,
          "transit_time_adjustment": -3.54,
          "earned_allocation": 2,
          "init_day_supply": 0
        },
        {
          "area": "4N",
          "dealer": 402338,
          "sales_history": 0,
          "sales_outlook": 0,
          "sales_rate": 0,
          "inventory": 0,
          "transit_time_adjustment": -3.54,
          "earned_allocation": 1,
          "init_day_supply": 0
        },
        {
          "area": "4N",
          "dealer": 402503,
          "sales_history": 2,
          "sales_outlook": 1,
          "sales_rate": 0.55,
          "inventory": 1,
          "transit_time_adjustment": -3.54,
          "earned_allocation": 0,
          "init_day_supply": 52
        },
        {
          "area": "4P",
          "dealer": 402131,
          "sales_history": 2,
          "sales_outlook": 1,
          "sales_rate": 0.58,
          "inventory": 0,
          "transit_time_adjustment": 2.54,
          "earned_allocation": 1,
          "init_day_supply": 3
        },
        {
          "area": "4P",
          "dealer": 402154,
          "sales_history": 1,
          "sales_outlook": 1,
          "sales_rate": 0.29,
          "inventory": 0,
          "transit_time_adjustment": 2.54,
          "earned_allocation": 1,
          "init_day_supply": 3
        },
        {
          "area": "4P",
          "dealer": 402170,
          "sales_history": 0,
          "sales_outlook": 0,
          "sales_rate": 0,
          "inventory": 1,
          "transit_time_adjustment": 2.54,
          "earned_allocation": 1,
          "init_day_supply": 0
        },
        {
          "area": "4P",
          "dealer": 402197,
          "sales_history": 1,
          "sales_outlook": 1,
          "sales_rate": 0.26,
          "inventory": 0,
          "transit_time_adjustment": 2.54,
          "earned_allocation": 1,
          "init_day_supply": 3
        },
        {
          "area": "4P",
          "dealer": 402200,
          "sales_history": 1,
          "sales_outlook": 1,
          "sales_rate": 0.27,
          "inventory": 0,
          "transit_time_adjustment": 2.54,
          "earned_allocation": 1,
          "init_day_supply": 3
        },
        {
          "area": "4P",
          "dealer": 403300,
          "sales_history": 0,
          "sales_outlook": 0,
          "sales_rate": 0,
          "inventory": 1,
          "transit_time_adjustment": 2.54,
          "earned_allocation": 0,
          "init_day_supply": 0
        },
        {
          "area": "4P",
          "dealer": 424122,
          "sales_history": 0,
          "sales_outlook": 0,
          "sales_rate": 0,
          "inventory": 2,
          "transit_time_adjustment": 2.54,
          "earned_allocation": 1,
          "init_day_supply": 0
        },
        {
          "area": "4P",
          "dealer": 424140,
          "sales_history": 2,
          "sales_outlook": 1,
          "sales_rate": 0.55,
          "inventory": 1,
          "transit_time_adjustment": 2.54,
          "earned_allocation": 1,
          "init_day_supply": 57
        },
        {
          "area": "4R",
          "dealer": 403213,
          "sales_history": 0,
          "sales_outlook": 0,
          "sales_rate": 0,
          "inventory": 0,
          "transit_time_adjustment": 0.95,
          "earned_allocation": 1,
          "init_day_supply": 0
        },
        {
          "area": "4R",
          "dealer": 403230,
          "sales_history": 2,
          "sales_outlook": 1,
          "sales_rate": 0.54,
          "inventory": 0,
          "transit_time_adjustment": 0.95,
          "earned_allocation": 2,
          "init_day_supply": 1
        },
        {
          "area": "4R",
          "dealer": 403234,
          "sales_history": 5,
          "sales_outlook": 3,
          "sales_rate": 1.28,
          "inventory": 0,
          "transit_time_adjustment": 0.95,
          "earned_allocation": 1,
          "init_day_supply": 1
        },
        {
          "area": "4R",
          "dealer": 403301,
          "sales_history": 1,
          "sales_outlook": 1,
          "sales_rate": 0.25,
          "inventory": 1,
          "transit_time_adjustment": 0.95,
          "earned_allocation": 0,
          "init_day_supply": 121
        },
        {
          "area": "4R",
          "dealer": 403302,
          "sales_history": 0,
          "sales_outlook": 0,
          "sales_rate": 0,
          "inventory": 0,
          "transit_time_adjustment": 0.95,
          "earned_allocation": 1,
          "init_day_supply": 0
        },
        {
          "area": "4R",
          "dealer": 403311,
          "sales_history": 1,
          "sales_outlook": 0,
          "sales_rate": 0.25,
          "inventory": 0,
          "transit_time_adjustment": 0.95,
          "earned_allocation": 1,
          "init_day_supply": 1
        },
        {
          "area": "4R",
          "dealer": 403313,
          "sales_history": 1,
          "sales_outlook": 0,
          "sales_rate": 0.23,
          "inventory": 0,
          "transit_time_adjustment": 0.95,
          "earned_allocation": 1,
          "init_day_supply": 1
        },
        {
          "area": "4R",
          "dealer": 403322,
          "sales_history": 0,
          "sales_outlook": 0,
          "sales_rate": 0,
          "inventory": 0,
          "transit_time_adjustment": 0.95,
          "earned_allocation": 1,
          "init_day_supply": 0
        },
        {
          "area": "4R",
          "dealer": 403324,
          "sales_history": 1,
          "sales_outlook": 1,
          "sales_rate": 0.28,
          "inventory": 1,
          "transit_time_adjustment": 0.95,
          "earned_allocation": 0,
          "init_day_supply": 109
        },
        {
          "area": "4R",
          "dealer": 403325,
          "sales_history": 1,
          "sales_outlook": 1,
          "sales_rate": 0.3,
          "inventory": 2,
          "transit_time_adjustment": 0.95,
          "earned_allocation": 0,
          "init_day_supply": 200
        },
        {
          "area": "4R",
          "dealer": 403326,
          "sales_history": 6,
          "sales_outlook": 3,
          "sales_rate": 1.42,
          "inventory": 1,
          "transit_time_adjustment": 0.95,
          "earned_allocation": 1,
          "init_day_supply": 23
        },
        {
          "area": "4R",
          "dealer": 403332,
          "sales_history": 2,
          "sales_outlook": 1,
          "sales_rate": 0.5,
          "inventory": 1,
          "transit_time_adjustment": 0.95,
          "earned_allocation": 0,
          "init_day_supply": 61
        },
        {
          "area": "4R",
          "dealer": 403340,
          "sales_history": 1,
          "sales_outlook": 1,
          "sales_rate": 0.28,
          "inventory": 1,
          "transit_time_adjustment": 0.95,
          "earned_allocation": 0,
          "init_day_supply": 109
        }
      ]
    },
    "optimization_result_details": [
      {
        "area": "4B",
        "dealer": 424102,
        "comm_number": "VK9694",
        "trim": "S",
        "sale_model_code": "CA1ANZ",
        "ext_color_code": "2T2T",
        "int_color_code": "BC",
        "factory_options": "P12",
        "mdo_options": "AMK,ARV, ALN, APC,AWD,FAK"
      },
      {
        "area": "4B",
        "dealer": 424102,
        "comm_number": "VK9695",
        "trim": "S",
        "sale_model_code": "CA1AUR",
        "ext_color_code": "I9I9",
        "int_color_code": "BC",
        "factory_options": "P12",
        "mdo_options": "AMK,ARV, ALN, APC,AWD,FAK"
      },
      {
        "area": "4B",
        "dealer": 424154,
        "comm_number": "VK9696",
        "trim": "SE",
        "sale_model_code": "CA1BNZ",
        "ext_color_code": "J1J1",
        "int_color_code": "SL",
        "factory_options": "P04",
        "mdo_options": "AMC,ARE,ARV, ALN, APC,AWD,FAK"
      },
      {
        "area": "4B",
        "dealer": 424166,
        "comm_number": "VK9697",
        "trim": "SE",
        "sale_model_code": "CA1BUR",
        "ext_color_code": "2R2R",
        "int_color_code": "WR",
        "factory_options": "P04, P12",
        "mdo_options": "AMC,ARV, ALN, APC,AWD,FAK"
      },
      {
        "area": "4B",
        "dealer": 424172,
        "comm_number": "VK9698",
        "trim": "SE",
        "sale_model_code": "CA1BUZ",
        "ext_color_code": "8E8E",
        "int_color_code": "SL",
        "factory_options": "P04, P12",
        "mdo_options": "AMC,ARV, ALN, APC,AWD,FAK"
      },
      {
        "area": "4B",
        "dealer": 424172,
        "comm_number": "VK9699",
        "trim": "SE w/Technology",
        "sale_model_code": "CA1CNZ",
        "ext_color_code": "0Q0Q",
        "int_color_code": "SL",
        "factory_options": "P04, P17, P24",
        "mdo_options": "AMC,ARV, ALN, APC,AWD,FAK"
      },
      {
        "area": "4B",
        "dealer": 424218,
        "comm_number": "VK9700",
        "trim": "SE w/Technology",
        "sale_model_code": "CA1CUR",
        "ext_color_code": "D5D5",
        "int_color_code": "WR",
        "factory_options": "P04, P12,P17, P24",
        "mdo_options": "AMC,ARV, ALN, APC,AWD,FAK"
      },
      {
        "area": "4B",
        "dealer": 424218,
        "comm_number": "VK9701",
        "trim": "SE w/Technology",
        "sale_model_code": "CA1CUZ",
        "ext_color_code": "P2P2",
        "int_color_code": "SL",
        "factory_options": "P04, P12,P17, P24",
        "mdo_options": "AMC,ARV, ALN, APC,AWD,FAK"
      },
      {
        "area": "4B",
        "dealer": 424223,
        "comm_number": "VK9702",
        "trim": "SEL",
        "sale_model_code": "CA1DUR",
        "ext_color_code": "2T2T",
        "int_color_code": "SL",
        "factory_options": "P04,P17",
        "mdo_options": "AMC,ARV, ALN, APC,AWD,FAK"
      },
      {
        "area": "4B",
        "dealer": 424313,
        "comm_number": "VK9703",
        "trim": "SEL",
        "sale_model_code": "CA1DUZ",
        "ext_color_code": "I9I9",
        "int_color_code": "WR",
        "factory_options": "P04,P06",
        "mdo_options": "AMC,ARV, ALN, APC,AWD,FAK"
      },
      {
        "area": "4B",
        "dealer": 424313,
        "comm_number": "VK9704",
        "trim": "SEL Premium",
        "sale_model_code": "CA1EUR",
        "ext_color_code": "J1J1",
        "int_color_code": "SV",
        "factory_options": "P04,P06",
        "mdo_options": "AMC,ARV, ALN, APC,AWD,FAK"
      },
      {
        "area": "4B",
        "dealer": 424326,
        "comm_number": "VK9705",
        "trim": "SE w/Technology R-Line",
        "sale_model_code": "CA1FUR",
        "ext_color_code": "2R2R",
        "int_color_code": "WR",
        "factory_options": "P04,P12, P24",
        "mdo_options": "AMC,ARV, ALN, APC,AWD,FAK"
      },
      {
        "area": "4B",
        "dealer": 424329,
        "comm_number": "VK9706",
        "trim": "SE w/Technology R-Line",
        "sale_model_code": "CA1FUZ",
        "ext_color_code": "8E8E",
        "int_color_code": "WR",
        "factory_options": "P04,P12, P24",
        "mdo_options": "AMC,ARV, ALN, APC,AWD,FAK"
      },
      {
        "area": "4F",
        "dealer": 420309,
        "comm_number": "VK9707",
        "trim": "SEL R-Line",
        "sale_model_code": "CA1GUR",
        "ext_color_code": "0Q0Q",
        "int_color_code": "SL",
        "factory_options": "P04",
        "mdo_options": "AMC,ARV, ALN, APC,AWD,FAK"
      },
      {
        "area": "4F",
        "dealer": 420312,
        "comm_number": "VK9708",
        "trim": "SEL R-Line",
        "sale_model_code": "CA1GUZ",
        "ext_color_code": "D5D5",
        "int_color_code": "WR",
        "factory_options": "P04",
        "mdo_options": "AMC,ARV, ALN, APC,AWD,FAK"
      },
      {
        "area": "4F",
        "dealer": 420324,
        "comm_number": "VK9709",
        "trim": "S",
        "sale_model_code": "CA1ANZ",
        "ext_color_code": "P2P2",
        "int_color_code": "BC",
        "factory_options": "",
        "mdo_options": "AMK,ARV, ALN, APC,AWD,FAK"
      },
      {
        "area": "4F",
        "dealer": 425435,
        "comm_number": "VK9710",
        "trim": "S",
        "sale_model_code": "CA1AUR",
        "ext_color_code": "I9I9",
        "int_color_code": "BC",
        "factory_options": "P12",
        "mdo_options": "AMK,ARV, ALN, APC,AWD,FAK"
      },
      {
        "area": "4G",
        "dealer": 420101,
        "comm_number": "VK9711",
        "trim": "SE",
        "sale_model_code": "CA1BNZ",
        "ext_color_code": "J1J1",
        "int_color_code": "WR",
        "factory_options": "P04",
        "mdo_options": "AMK,ARV, ALN, APC,AWD,FAK"
      },
      {
        "area": "4G",
        "dealer": 420112,
        "comm_number": "VK9712",
        "trim": "SE",
        "sale_model_code": "CA1BUR",
        "ext_color_code": "2R2R",
        "int_color_code": "WR",
        "factory_options": "P12",
        "mdo_options": "AMK,ARV, ALN, APC,AWD,FAK"
      },
      {
        "area": "4G",
        "dealer": 420113,
        "comm_number": "VK9713",
        "trim": "SE",
        "sale_model_code": "CA1BUZ",
        "ext_color_code": "8E8E",
        "int_color_code": "WR",
        "factory_options": "P12",
        "mdo_options": "AMK,ARV, ALN, APC,AWD,FAK"
      },
      {
        "area": "4G",
        "dealer": 420113,
        "comm_number": "VK9714",
        "trim": "SE w/Technology",
        "sale_model_code": "CA1CNZ",
        "ext_color_code": "0Q0Q",
        "int_color_code": "SL",
        "factory_options": "P04, P17, P24",
        "mdo_options": "AMC,ARV, ALN, APC,AWD,FAK"
      },
      {
        "area": "4G",
        "dealer": 420114,
        "comm_number": "VK9715",
        "trim": "SE w/Technology",
        "sale_model_code": "CA1CUR",
        "ext_color_code": "D5D5",
        "int_color_code": "WR",
        "factory_options": "P04, P12,P17, P24",
        "mdo_options": "AMC,ARV, ALN, APC,AWD,FAK"
      },
      {
        "area": "4G",
        "dealer": 420130,
        "comm_number": "VK9716",
        "trim": "SE w/Technology",
        "sale_model_code": "CA1CUZ",
        "ext_color_code": "P2P2",
        "int_color_code": "SL",
        "factory_options": "P04, P12,P17, P24",
        "mdo_options": "AMC,ARV, ALN, APC,AWD,FAK"
      },
      {
        "area": "4G",
        "dealer": 420138,
        "comm_number": "VK9717",
        "trim": "SEL",
        "sale_model_code": "CA1DUR",
        "ext_color_code": "2T2T",
        "int_color_code": "WR",
        "factory_options": "P04,P17",
        "mdo_options": "AMC,ARV, ALN, APC,AWD,FAK"
      },
      {
        "area": "4G",
        "dealer": 420144,
        "comm_number": "VK9718",
        "trim": "SEL",
        "sale_model_code": "CA1DUZ",
        "ext_color_code": "I9I9",
        "int_color_code": "SL",
        "factory_options": "P04,P06",
        "mdo_options": "AMC,ARV, ALN, APC,AWD,FAK"
      },
      {
        "area": "4G",
        "dealer": 420144,
        "comm_number": "VK9719",
        "trim": "SEL Premium",
        "sale_model_code": "CA1EUR",
        "ext_color_code": "J1J1",
        "int_color_code": "BR",
        "factory_options": "P04,P16",
        "mdo_options": "AMC,ARV, ALN, APC,AWD,FAK"
      },
      {
        "area": "4G",
        "dealer": 420149,
        "comm_number": "VK9720",
        "trim": "SE w/Technology R-Line",
        "sale_model_code": "CA1FUR",
        "ext_color_code": "2R2R",
        "int_color_code": "WR",
        "factory_options": "P04,P12, P24",
        "mdo_options": "AMC,ARV, ALN, APC,AWD,FAK"
      },
      {
        "area": "4G",
        "dealer": 420156,
        "comm_number": "VK9721",
        "trim": "SE w/Technology R-Line",
        "sale_model_code": "CA1FUZ",
        "ext_color_code": "8E8E",
        "int_color_code": "WR",
        "factory_options": "P04,P12, P24",
        "mdo_options": "AMC,ARV, ALN, APC,AWD,FAK"
      },
      {
        "area": "4G",
        "dealer": 420504,
        "comm_number": "VK9722",
        "trim": "SEL R-Line",
        "sale_model_code": "CA1GUR",
        "ext_color_code": "0Q0Q",
        "int_color_code": "SL",
        "factory_options": "P04",
        "mdo_options": "AMC,ARV, ALN, APC,AWD,FAK"
      },
      {
        "area": "4G",
        "dealer": 420704,
        "comm_number": "VK9723",
        "trim": "SEL R-Line",
        "sale_model_code": "CA1GUZ",
        "ext_color_code": "D5D5",
        "int_color_code": "WR",
        "factory_options": "P04",
        "mdo_options": "AMC,ARV, ALN, APC,AWD,FAK"
      },
      {
        "area": "4J",
        "dealer": 402105,
        "comm_number": "VK9724",
        "trim": "SE w/Technology",
        "sale_model_code": "CA1CUZ",
        "ext_color_code": "P2P2",
        "int_color_code": "SL",
        "factory_options": "P04, P12,P17, P24",
        "mdo_options": "AMC,ARV, ALN, APC,AWD,FAK"
      },
      {
        "area": "4J",
        "dealer": 402130,
        "comm_number": "VK9725",
        "trim": "SEL",
        "sale_model_code": "CA1DUR",
        "ext_color_code": "2T2T",
        "int_color_code": "WR",
        "factory_options": "P04,P06",
        "mdo_options": "AMC,ARV, ALN, APC,AWD,FAK"
      },
      {
        "area": "4J",
        "dealer": 402132,
        "comm_number": "VK9726",
        "trim": "SEL",
        "sale_model_code": "CA1DUZ",
        "ext_color_code": "I9I9",
        "int_color_code": "SL",
        "factory_options": "P17",
        "mdo_options": "AMK,ARV, ALN, APC,AWD,FAK"
      },
      {
        "area": "4J",
        "dealer": 402157,
        "comm_number": "VK9727",
        "trim": "SEL Premium",
        "sale_model_code": "CA1EUR",
        "ext_color_code": "J1J1",
        "int_color_code": "SV",
        "factory_options": "P04,P06",
        "mdo_options": "AMC,ARV, ALN, APC,AWD,FAK"
      },
      {
        "area": "4J",
        "dealer": 402165,
        "comm_number": "VK9728",
        "trim": "SE w/Technology R-Line",
        "sale_model_code": "CA1FUR",
        "ext_color_code": "2R2R",
        "int_color_code": "WR",
        "factory_options": "P04,P12, P24",
        "mdo_options": "AMC,ARV, ALN, APC,AWD,FAK"
      },
      {
        "area": "4J",
        "dealer": 402184,
        "comm_number": "VK9729",
        "trim": "SE w/Technology R-Line",
        "sale_model_code": "CA1FUZ",
        "ext_color_code": "8E8E",
        "int_color_code": "WR",
        "factory_options": "P04,P12, P24",
        "mdo_options": "AMC,ARV, ALN, APC,AWD,FAK"
      },
      {
        "area": "4J",
        "dealer": 402902,
        "comm_number": "VK9730",
        "trim": "SEL R-Line",
        "sale_model_code": "CA1GUR",
        "ext_color_code": "0Q0Q",
        "int_color_code": "SL",
        "factory_options": "P04",
        "mdo_options": "AMC,ARV, ALN, APC,AWD,FAK"
      },
      {
        "area": "4J",
        "dealer": 403328,
        "comm_number": "VK9731",
        "trim": "SEL R-Line",
        "sale_model_code": "CA1GUZ",
        "ext_color_code": "D5D5",
        "int_color_code": "WR",
        "factory_options": "P04",
        "mdo_options": "AMC,ARV, ALN, APC,AWD,FAK"
      },
      {
        "area": "4K",
        "dealer": 402107,
        "comm_number": "VK9732",
        "trim": "S",
        "sale_model_code": "CA1ANZ",
        "ext_color_code": "P2P2",
        "int_color_code": "BC",
        "factory_options": "",
        "mdo_options": "AMK,ARV, ALN, APC,AWD,FAK"
      },
      {
        "area": "4K",
        "dealer": 402120,
        "comm_number": "VK9733",
        "trim": "S",
        "sale_model_code": "CA1AUR",
        "ext_color_code": "2T2T",
        "int_color_code": "BC",
        "factory_options": "P12",
        "mdo_options": "AMK,ARV, ALN, APC,AWD,FAK"
      },
      {
        "area": "4K",
        "dealer": 402125,
        "comm_number": "VK9734",
        "trim": "SE",
        "sale_model_code": "CA1BNZ",
        "ext_color_code": "I9I9",
        "int_color_code": "SL",
        "factory_options": "",
        "mdo_options": "AMK,ARV, ALN, APC,AWD,FAK"
      },
      {
        "area": "4K",
        "dealer": 402133,
        "comm_number": "VK9735",
        "trim": "SE",
        "sale_model_code": "CA1BUR",
        "ext_color_code": "J1J1",
        "int_color_code": "WR",
        "factory_options": "P04, P12",
        "mdo_options": "AMC,ARV, ALN, APC,AWD,FAK"
      },
      {
        "area": "4K",
        "dealer": 402156,
        "comm_number": "VK9736",
        "trim": "SE",
        "sale_model_code": "CA1BUZ",
        "ext_color_code": "2R2R",
        "int_color_code": "WR",
        "factory_options": "P04, P12",
        "mdo_options": "AMC,ARV, ALN, APC,AWD,FAK"
      },
      {
        "area": "4K",
        "dealer": 402160,
        "comm_number": "VK9737",
        "trim": "SE w/Technology",
        "sale_model_code": "CA1CNZ",
        "ext_color_code": "8E8E",
        "int_color_code": "WR",
        "factory_options": "P04, P17, P24",
        "mdo_options": "AMC,ARV, ALN, APC,AWD,FAK"
      },
      {
        "area": "4K",
        "dealer": 402172,
        "comm_number": "VK9738",
        "trim": "SE w/Technology",
        "sale_model_code": "CA1CUR",
        "ext_color_code": "0Q0Q",
        "int_color_code": "SL",
        "factory_options": "P04, P12,P17, P24",
        "mdo_options": "AMC,ARV, ALN, APC,AWD,FAK"
      },
      {
        "area": "4K",
        "dealer": 402175,
        "comm_number": "VK9739",
        "trim": "SE w/Technology",
        "sale_model_code": "CA1CUZ",
        "ext_color_code": "D5D5",
        "int_color_code": "WR",
        "factory_options": "P04, P12,P17, P24",
        "mdo_options": "AMC,ARV, ALN, APC,AWD,FAK"
      },
      {
        "area": "4K",
        "dealer": 402181,
        "comm_number": "VK9740",
        "trim": "SEL",
        "sale_model_code": "CA1DUR",
        "ext_color_code": "P2P2",
        "int_color_code": "SL",
        "factory_options": "P04,P17",
        "mdo_options": "AMC,ARV, ALN, APC,AWD,FAK"
      },
      {
        "area": "4L",
        "dealer": 402402,
        "comm_number": "VK9741",
        "trim": "SEL",
        "sale_model_code": "CA1DUZ",
        "ext_color_code": "2T2T",
        "int_color_code": "SL",
        "factory_options": "P04",
        "mdo_options": "AMC,ARV, ALN, APC,AWD,FAK"
      },
      {
        "area": "4L",
        "dealer": 402405,
        "comm_number": "VK9742",
        "trim": "SEL Premium",
        "sale_model_code": "CA1EUR",
        "ext_color_code": "I9I9",
        "int_color_code": "BR",
        "factory_options": "P04,P06",
        "mdo_options": "AMC,ARV, ALN, APC,AWD,FAK"
      },
      {
        "area": "4L",
        "dealer": 402405,
        "comm_number": "VK9743",
        "trim": "SE w/Technology R-Line",
        "sale_model_code": "CA1FUR",
        "ext_color_code": "J1J1",
        "int_color_code": "SL",
        "factory_options": "P04,P12, P24",
        "mdo_options": "AMC,ARV, ALN, APC,AWD,FAK"
      },
      {
        "area": "4L",
        "dealer": 402406,
        "comm_number": "VK9744",
        "trim": "SE w/Technology R-Line",
        "sale_model_code": "CA1FUZ",
        "ext_color_code": "2R2R",
        "int_color_code": "WR",
        "factory_options": "P04,P12, P24",
        "mdo_options": "AMC,ARV, ALN, APC,AWD,FAK"
      },
      {
        "area": "4L",
        "dealer": 402407,
        "comm_number": "VK9745",
        "trim": "SEL R-Line",
        "sale_model_code": "CA1GUR",
        "ext_color_code": "8E8E",
        "int_color_code": "WR",
        "factory_options": "",
        "mdo_options": "AMK,ARV, ALN, APC,AWD,FAK"
      },
      {
        "area": "4L",
        "dealer": 402408,
        "comm_number": "VK9746",
        "trim": "SEL R-Line",
        "sale_model_code": "CA1GUZ",
        "ext_color_code": "0Q0Q",
        "int_color_code": "WR",
        "factory_options": "",
        "mdo_options": "AMK,ARV, ALN, APC,AWD,FAK"
      },
      {
        "area": "4L",
        "dealer": 402409,
        "comm_number": "VK9747",
        "trim": "S",
        "sale_model_code": "CA1ANZ",
        "ext_color_code": "D5D5",
        "int_color_code": "BC",
        "factory_options": "P12",
        "mdo_options": "AMK,ARV, ALN, APC,AWD,FAK"
      },
      {
        "area": "4L",
        "dealer": 402420,
        "comm_number": "VK9748",
        "trim": "S",
        "sale_model_code": "CA1AUR",
        "ext_color_code": "P2P2",
        "int_color_code": "BC",
        "factory_options": "",
        "mdo_options": "AMK,ARV, ALN, APC,AWD,FAK"
      },
      {
        "area": "4L",
        "dealer": 402420,
        "comm_number": "VK9749",
        "trim": "SE",
        "sale_model_code": "CA1BNZ",
        "ext_color_code": "2T2T",
        "int_color_code": "SL",
        "factory_options": "P04",
        "mdo_options": "AMC,ARE,ARV, ALN, APC,AWD,FAK"
      },
      {
        "area": "4L",
        "dealer": 402425,
        "comm_number": "VK9750",
        "trim": "SE",
        "sale_model_code": "CA1BUR",
        "ext_color_code": "I9I9",
        "int_color_code": "WR",
        "factory_options": "P04",
        "mdo_options": "AMC,ARE,ARV, ALN, APC,AWD,FAK"
      },
      {
        "area": "4L",
        "dealer": 402428,
        "comm_number": "VK9751",
        "trim": "SE",
        "sale_model_code": "CA1BUZ",
        "ext_color_code": "J1J1",
        "int_color_code": "SL",
        "factory_options": "P04",
        "mdo_options": "AMC,ARE,ARV, ALN, APC,AWD,FAK"
      },
      {
        "area": "4L",
        "dealer": 402650,
        "comm_number": "VK9752",
        "trim": "SE w/Technology",
        "sale_model_code": "CA1CNZ",
        "ext_color_code": "2R2R",
        "int_color_code": "WR",
        "factory_options": "P04, P17, P24",
        "mdo_options": "AMC,ARE,ARV, ALN, APC,AWD,FAK"
      },
      {
        "area": "4L",
        "dealer": 402653,
        "comm_number": "VK9753",
        "trim": "SE w/Technology",
        "sale_model_code": "CA1CUR",
        "ext_color_code": "8E8E",
        "int_color_code": "SL",
        "factory_options": "P04, P12,P17, P24",
        "mdo_options": "AMC,ARE,ARV, ALN, APC,AWD,FAK"
      },
      {
        "area": "4L",
        "dealer": 402700,
        "comm_number": "VK9754",
        "trim": "SE w/Technology",
        "sale_model_code": "CA1CUZ",
        "ext_color_code": "0Q0Q",
        "int_color_code": "WR",
        "factory_options": "P04, P12,P17, P24",
        "mdo_options": "AMC,ARE,ARV, ALN, APC,AWD,FAK"
      },
      {
        "area": "4L",
        "dealer": 402707,
        "comm_number": "VK9755",
        "trim": "SEL",
        "sale_model_code": "CA1DUR",
        "ext_color_code": "D5D5",
        "int_color_code": "SL",
        "factory_options": "P04",
        "mdo_options": "AMC,ARE,ARV, ALN, APC,AWD,FAK"
      },
      {
        "area": "4M",
        "dealer": 402607,
        "comm_number": "VK9756",
        "trim": "SEL",
        "sale_model_code": "CA1DUZ",
        "ext_color_code": "P2P2",
        "int_color_code": "SL",
        "factory_options": "",
        "mdo_options": "AMK,ARV, ALN, APC,AWD,FAK"
      },
      {
        "area": "4M",
        "dealer": 402611,
        "comm_number": "VK9757",
        "trim": "SEL Premium",
        "sale_model_code": "CA1EUR",
        "ext_color_code": "2T2T",
        "int_color_code": "GO",
        "factory_options": "P16",
        "mdo_options": "AMK,ARV, ALN, APC,AWD,FAK"
      },
      {
        "area": "4M",
        "dealer": 402611,
        "comm_number": "VK9758",
        "trim": "SE w/Technology R-Line",
        "sale_model_code": "CA1FUR",
        "ext_color_code": "I9I9",
        "int_color_code": "SL",
        "factory_options": "P04,P12, P24",
        "mdo_options": "AMC,ARV, ALN, APC,AWD,FAK"
      },
      {
        "area": "4M",
        "dealer": 402612,
        "comm_number": "VK9759",
        "trim": "SE w/Technology R-Line",
        "sale_model_code": "CA1FUZ",
        "ext_color_code": "J1J1",
        "int_color_code": "WR",
        "factory_options": "P04,P12, P24",
        "mdo_options": "AMC,ARV, ALN, APC,AWD,FAK"
      },
      {
        "area": "4M",
        "dealer": 402616,
        "comm_number": "VK9760",
        "trim": "SEL R-Line",
        "sale_model_code": "CA1GUR",
        "ext_color_code": "2R2R",
        "int_color_code": "WR",
        "factory_options": "",
        "mdo_options": "AMK,ARV, ALN, APC,AWD,FAK"
      },
      {
        "area": "4M",
        "dealer": 402617,
        "comm_number": "VK9761",
        "trim": "SEL R-Line",
        "sale_model_code": "CA1GUZ",
        "ext_color_code": "8E8E",
        "int_color_code": "WR",
        "factory_options": "P04",
        "mdo_options": "AMC,ARV, ALN, APC,AWD,FAK"
      },
      {
        "area": "4M",
        "dealer": 402629,
        "comm_number": "VK9762",
        "trim": "S",
        "sale_model_code": "CA1ANZ",
        "ext_color_code": "0Q0Q",
        "int_color_code": "BC",
        "factory_options": "",
        "mdo_options": "AMK,ARV, ALN, APC,AWD,FAK"
      },
      {
        "area": "4M",
        "dealer": 402641,
        "comm_number": "VK9763",
        "trim": "S",
        "sale_model_code": "CA1AUR",
        "ext_color_code": "D5D5",
        "int_color_code": "BC",
        "factory_options": "P12",
        "mdo_options": "AMK,ARV, ALN, APC,AWD,FAK"
      },
      {
        "area": "4M",
        "dealer": 402648,
        "comm_number": "VK9764",
        "trim": "SE",
        "sale_model_code": "CA1BNZ",
        "ext_color_code": "P2P2",
        "int_color_code": "SL",
        "factory_options": "P04",
        "mdo_options": "AMC,ARV, ALN, APC,AWD,FAK"
      },
      {
        "area": "4M",
        "dealer": 402651,
        "comm_number": "VK9765",
        "trim": "SE",
        "sale_model_code": "CA1BUR",
        "ext_color_code": "2T2T",
        "int_color_code": "WR",
        "factory_options": "",
        "mdo_options": "AMK,ARE,ARV, ALN, APC,AWD,FAK"
      },
      {
        "area": "4M",
        "dealer": 402655,
        "comm_number": "VK9766",
        "trim": "SE",
        "sale_model_code": "CA1BUZ",
        "ext_color_code": "I9I9",
        "int_color_code": "SL",
        "factory_options": "P04, P12",
        "mdo_options": "AMC,ARV, ALN, APC,AWD,FAK"
      },
      {
        "area": "4M",
        "dealer": 402655,
        "comm_number": "VK9767",
        "trim": "SE w/Technology",
        "sale_model_code": "CA1CNZ",
        "ext_color_code": "J1J1",
        "int_color_code": "WR",
        "factory_options": "P04, P12,P17, P24",
        "mdo_options": "AMC,ARV, ALN, APC,AWD,FAK"
      },
      {
        "area": "4N",
        "dealer": 402104,
        "comm_number": "VK9768",
        "trim": "SE w/Technology",
        "sale_model_code": "CA1CUR",
        "ext_color_code": "2R2R",
        "int_color_code": "WR",
        "factory_options": "P04, P12,P17, P24",
        "mdo_options": "AMC,ARV, ALN, APC,AWD,FAK"
      },
      {
        "area": "4N",
        "dealer": 402104,
        "comm_number": "VK9769",
        "trim": "SE w/Technology",
        "sale_model_code": "CA1CUZ",
        "ext_color_code": "8E8E",
        "int_color_code": "WR",
        "factory_options": "P04, P12,P17, P24",
        "mdo_options": "AMC,ARV, ALN, APC,AWD,FAK"
      },
      {
        "area": "4N",
        "dealer": 402126,
        "comm_number": "VK9770",
        "trim": "SEL",
        "sale_model_code": "CA1DUR",
        "ext_color_code": "0Q0Q",
        "int_color_code": "SL",
        "factory_options": "P04",
        "mdo_options": "AMC,ARV, ALN, APC,AWD,FAK"
      },
      {
        "area": "4N",
        "dealer": 402152,
        "comm_number": "VK9771",
        "trim": "SEL",
        "sale_model_code": "CA1DUZ",
        "ext_color_code": "D5D5",
        "int_color_code": "SL",
        "factory_options": "",
        "mdo_options": "AMK,ARV, ALN, APC,AWD,FAK"
      },
      {
        "area": "4N",
        "dealer": 402300,
        "comm_number": "VK9772",
        "trim": "SEL Premium",
        "sale_model_code": "CA1EUR",
        "ext_color_code": "P2P2",
        "int_color_code": "GO",
        "factory_options": "P04,P16",
        "mdo_options": "AMC,ARV, ALN, APC,AWD,FAK"
      },
      {
        "area": "4N",
        "dealer": 402301,
        "comm_number": "VK9773",
        "trim": "SE w/Technology R-Line",
        "sale_model_code": "CA1FUR",
        "ext_color_code": "2T2T",
        "int_color_code": "SL",
        "factory_options": "P04,P12, P24",
        "mdo_options": "AMC,ARV, ALN, APC,AWD,FAK"
      },
      {
        "area": "4N",
        "dealer": 402308,
        "comm_number": "VK9774",
        "trim": "SE w/Technology R-Line",
        "sale_model_code": "CA1FUZ",
        "ext_color_code": "I9I9",
        "int_color_code": "WR",
        "factory_options": "P04,P12, P24",
        "mdo_options": "AMC,ARV, ALN, APC,AWD,FAK"
      },
      {
        "area": "4N",
        "dealer": 402315,
        "comm_number": "VK9775",
        "trim": "SEL R-Line",
        "sale_model_code": "CA1GUR",
        "ext_color_code": "J1J1",
        "int_color_code": "SL",
        "factory_options": "P04",
        "mdo_options": "AMC,ARV, ALN, APC,AWD,FAK"
      },
      {
        "area": "4N",
        "dealer": 402315,
        "comm_number": "VK9776",
        "trim": "SEL R-Line",
        "sale_model_code": "CA1GUZ",
        "ext_color_code": "2R2R",
        "int_color_code": "WR",
        "factory_options": "P04",
        "mdo_options": "AMC,ARV, ALN, APC,AWD,FAK"
      },
      {
        "area": "4N",
        "dealer": 402320,
        "comm_number": "VK9777",
        "trim": "S",
        "sale_model_code": "CA1ANZ",
        "ext_color_code": "8E8E",
        "int_color_code": "BC",
        "factory_options": "P12",
        "mdo_options": "AMK,ARV, ALN, APC,AWD,FAK"
      },
      {
        "area": "4N",
        "dealer": 402326,
        "comm_number": "VK9778",
        "trim": "S",
        "sale_model_code": "CA1AUR",
        "ext_color_code": "0Q0Q",
        "int_color_code": "BC",
        "factory_options": "",
        "mdo_options": "AMK,ARV, ALN, APC,AWD,FAK"
      },
      {
        "area": "4N",
        "dealer": 402326,
        "comm_number": "VK9779",
        "trim": "SE",
        "sale_model_code": "CA1BNZ",
        "ext_color_code": "D5D5",
        "int_color_code": "SL",
        "factory_options": "",
        "mdo_options": "AMK,ARE,ARV, ALN, APC,AWD,FAK"
      },
      {
        "area": "4N",
        "dealer": 402338,
        "comm_number": "VK9780",
        "trim": "SE",
        "sale_model_code": "CA1BUR",
        "ext_color_code": "P2P2",
        "int_color_code": "WR",
        "factory_options": "P04, P12",
        "mdo_options": "AMC,ARV, ALN, APC,AWD,FAK"
      },
      {
        "area": "4P",
        "dealer": 402131,
        "comm_number": "VK9781",
        "trim": "SE",
        "sale_model_code": "CA1BUZ",
        "ext_color_code": "2T2T",
        "int_color_code": "SL",
        "factory_options": "P04, P12",
        "mdo_options": "AMC,ARV, ALN, APC,AWD,FAK"
      },
      {
        "area": "4P",
        "dealer": 402154,
        "comm_number": "VK9782",
        "trim": "SE w/Technology",
        "sale_model_code": "CA1CNZ",
        "ext_color_code": "I9I9",
        "int_color_code": "WR",
        "factory_options": "P04, P17, P24",
        "mdo_options": "AMC,ARV, ALN, APC,AWD,FAK"
      },
      {
        "area": "4P",
        "dealer": 402170,
        "comm_number": "VK9783",
        "trim": "SE w/Technology",
        "sale_model_code": "CA1CUR",
        "ext_color_code": "J1J1",
        "int_color_code": "SL",
        "factory_options": "P04, P12,P17, P24",
        "mdo_options": "AMC,ARV, ALN, APC,AWD,FAK"
      },
      {
        "area": "4P",
        "dealer": 402197,
        "comm_number": "VK9784",
        "trim": "SE w/Technology",
        "sale_model_code": "CA1CUZ",
        "ext_color_code": "2R2R",
        "int_color_code": "WR",
        "factory_options": "P04, P12,P17, P24",
        "mdo_options": "AMC,ARV, ALN, APC,AWD,FAK"
      },
      {
        "area": "4P",
        "dealer": 402200,
        "comm_number": "VK9785",
        "trim": "SEL",
        "sale_model_code": "CA1DUR",
        "ext_color_code": "8E8E",
        "int_color_code": "SL",
        "factory_options": "P04",
        "mdo_options": "AMC,ARV, ALN, APC,AWD,FAK"
      },
      {
        "area": "4P",
        "dealer": 424122,
        "comm_number": "VK9786",
        "trim": "SEL",
        "sale_model_code": "CA1DUZ",
        "ext_color_code": "0Q0Q",
        "int_color_code": "SL",
        "factory_options": "",
        "mdo_options": "AMC,ARV, ALN, APC,AWD,FAK"
      },
      {
        "area": "4P",
        "dealer": 424140,
        "comm_number": "VK9787",
        "trim": "SEL Premium",
        "sale_model_code": "CA1EUR",
        "ext_color_code": "D5D5",
        "int_color_code": "BR",
        "factory_options": "P04",
        "mdo_options": "AMC,ARV, ALN, APC,AWD,FAK"
      },
      {
        "area": "4R",
        "dealer": 403213,
        "comm_number": "VK9788",
        "trim": "SE w/Technology R-Line",
        "sale_model_code": "CA1FUR",
        "ext_color_code": "P2P2",
        "int_color_code": "SL",
        "factory_options": "P04,P12, P24",
        "mdo_options": "AMC,ARV, ALN, APC,AWD,FAK"
      },
      {
        "area": "4R",
        "dealer": 403230,
        "comm_number": "VK9789",
        "trim": "SE w/Technology R-Line",
        "sale_model_code": "CA1FUZ",
        "ext_color_code": "2T2T",
        "int_color_code": "WR",
        "factory_options": "",
        "mdo_options": "AMK,ARV, ALN, APC,AWD,FAK"
      },
      {
        "area": "4R",
        "dealer": 403230,
        "comm_number": "VK9790",
        "trim": "SEL R-Line",
        "sale_model_code": "CA1GUR",
        "ext_color_code": "I9I9",
        "int_color_code": "SL",
        "factory_options": "",
        "mdo_options": "AMK,ARV, ALN, APC,AWD,FAK"
      },
      {
        "area": "4R",
        "dealer": 403234,
        "comm_number": "VK9791",
        "trim": "SEL R-Line",
        "sale_model_code": "CA1GUZ",
        "ext_color_code": "J1J1",
        "int_color_code": "WR",
        "factory_options": "P04",
        "mdo_options": "AMK,ARV, ALN, APC,AWD,FAK"
      },
      {
        "area": "4R",
        "dealer": 403302,
        "comm_number": "VK9792",
        "trim": "S",
        "sale_model_code": "CA1ANZ",
        "ext_color_code": "2R2R",
        "int_color_code": "BC",
        "factory_options": "P12",
        "mdo_options": "AMK,ARV, ALN, APC,AWD,FAK"
      },
      {
        "area": "4R",
        "dealer": 403311,
        "comm_number": "VK9793",
        "trim": "S",
        "sale_model_code": "CA1AUR",
        "ext_color_code": "8E8E",
        "int_color_code": "BC",
        "factory_options": "P12",
        "mdo_options": "AMK,ARV, ALN, APC,AWD,FAK"
      },
      {
        "area": "4R",
        "dealer": 403313,
        "comm_number": "VK9794",
        "trim": "SE",
        "sale_model_code": "CA1BNZ",
        "ext_color_code": "0Q0Q",
        "int_color_code": "SL",
        "factory_options": "P04",
        "mdo_options": "AMC,ARV, ALN, APC,AWD,FAK"
      },
      {
        "area": "4R",
        "dealer": 403322,
        "comm_number": "VK9795",
        "trim": "SE",
        "sale_model_code": "CA1BUR",
        "ext_color_code": "D5D5",
        "int_color_code": "WR",
        "factory_options": "P04, P12",
        "mdo_options": "AMC,ARV, ALN, APC,AWD,FAK"
      },
      {
        "area": "4R",
        "dealer": 403326,
        "comm_number": "VK9796",
        "trim": "SE",
        "sale_model_code": "CA1BUZ",
        "ext_color_code": "P2P2",
        "int_color_code": "SL",
        "factory_options": "P04, P12",
        "mdo_options": "AMC,ARV, ALN, APC,AWD,FAK"
      }
    ]
  }
}
