{
  "factory_options_all": [
    {
      "option_code": "P04",
      "option_description": "ATLAS CAPTAINS CHAIR PACKAGE",
      "msrp": 695
    },
    {
      "option_code": "P06",
      "option_description": "ATLAS 20\" BLACK WHEEL PACKAGE",
      "msrp": 995
    },
    {
      "option_code": "P17",
      "option_description": "ATLAS 20\" SILVER WHEEL PACKAGE",
      "msrp": 995
    },    
    {
      "option_code":"P12",
      "option_description": "TOWING PACKAGE",
      "msrp": 550
    },
    {
      "option_code":"P24",
      "option_description": "PANORAMIC SUNROOF PACKAGE",
      "msrp": 1200
    }
  ]
}