{
  "mbo_activity_summary": {
    "active_cycle": "MBO",
    "activity_totals": [
      {
        "allocation_type": "MBO",
        "total_allocation": 190,
        "accept_cnt": 88,
        "reject_cnt": 102,
        "incomplete_cnt": 0,
        "carlines": [
          {
            "model_year": 2019,
            "carline_code": "XATL",
            "carline_desc": "Atlas",
            "total_allocation": 10,
            "accept_cnt": 8,
            "reject_cnt": 2,
            "incomplete_cnt": 0
          },
          {
            "model_year": 2019,
            "carline_code": "XART",
            "carline_desc": "Arteon",
            "total_allocation": 14,
            "accept_cnt": 14,
            "reject_cnt": 0,
            "incomplete_cnt": 0
          },
          {
            "model_year": 2019,
            "carline_code": "XBET",
            "carline_desc": "Beetle",
            "total_allocation": 19,
            "accept_cnt": 7,
            "reject_cnt": 12,
            "incomplete_cnt": 0
          },
          {
            "model_year": 2019,
            "carline_code": "XGLF",
            "carline_desc": "Golf",
            "total_allocation": 21,
            "accept_cnt": 12,
            "reject_cnt": 9,
            "incomplete_cnt": 0
          },
          {
            "model_year": 2019,
            "carline_code": "XJET",
            "carline_desc": "Jetta",
            "total_allocation": 10,
            "accept_cnt": 4,
            "reject_cnt": 6,
            "incomplete_cnt": 0
          },
          {
            "model_year": 2019,
            "carline_code": "XJET2",
            "carline_desc": "Jetta2",
            "total_allocation": 14,
            "accept_cnt": 5,
            "reject_cnt": 9,
            "incomplete_cnt": 0
          },
          {
            "model_year": 2019,
            "carline_code": "XPAS",
            "carline_desc": "Passat",
            "total_allocation": 19,
            "accept_cnt": 7,
            "reject_cnt": 12,
            "incomplete_cnt": 0
          },
          {
            "model_year": 2019,
            "carline_code": "XBET2",
            "carline_desc": "Beetle2",
            "total_allocation": 21,
            "accept_cnt": 8,
            "reject_cnt": 13,
            "incomplete_cnt": 0
          },
          {
            "model_year": 2019,
            "carline_code": "XGLF2",
            "carline_desc": "Golf2",
            "total_allocation": 14,
            "accept_cnt": 5,
            "reject_cnt": 9,
            "incomplete_cnt": 0
          },
          {
            "model_year": 2019,
            "carline_code": "XJET3",
            "carline_desc": "Jetta3",
            "total_allocation": 19,
            "accept_cnt": 8,
            "reject_cnt": 11,
            "incomplete_cnt": 0
          },
          {
            "model_year": 2019,
            "carline_code": "XJET4",
            "carline_desc": "Jetta4",
            "total_allocation": 10,
            "accept_cnt": 4,
            "reject_cnt": 6,
            "incomplete_cnt": 0
          },
          {
            "model_year": 2019,
            "carline_code": "XPAS2",
            "carline_desc": "Passat2",
            "total_allocation": 9,
            "accept_cnt": 8,
            "reject_cnt": 1,
            "incomplete_cnt": 0
          }
        ]
      }
    ]
  }
}
