{
  "mdo_template": {
    "brand": "VLK",
    "country": "USA",
    "model_year": 2019,
    "carline_code": "ATL1",
    "carline_desc": "Atlas",
    "lock_status": false,
    "cluster": "CER 1",
    "mdo_selection": [
      {
        "sales_model_code": "CA1ANZ",
        "sales_model_desc": "Atlas S 2.0T FWD",
        "mdo_options_selected": "CRS|ABA| ABC| AGG| ALN|BPM| BWL"
      },
      {
        "sales_model_code": "CA1AUR",
        "sales_model_desc": "Atlas S 3.6 AWD",
        "mdo_options_selected": "CRS|ABA| ABC| AGG| ALN|BWL|BRK"
      },
      {
        "sales_model_code": "CA1BNZ",
        "sales_model_desc": "Atlas SE 2.0T FWD",
        "mdo_options_selected": "CRS|ABA| ABC| AGG| ALN|BWL|BRK"
      },
      {
        "sales_model_code": "CA1BUR",
        "sales_model_desc": "Atlas 3.6 SE AWD",
        "mdo_options_selected": "CRS|ABA| ABC| AGG| ALN|BWL|BRK"
      },
      {
        "sales_model_code": "CA1BUZ",
        "sales_model_desc": "Atlas 3.6 SE FWD",
        "mdo_options_selected": "CRS|ABA| ABC| AGG| ALN|BWL|BRK"
      },
      {
        "sales_model_code": "CA1CNZ",
        "sales_model_desc": "Atlas SE W/TECH 2.0T FWD",
        "mdo_options_selected": "CRS|ABA| ABC| AGG| ALN|BWL|BRK"
      },
      {
        "sales_model_code": "CA1CUR",
        "sales_model_desc": "Atlas 3.6 SE W/TECH AWD",
        "mdo_options_selected": "CRS|ABA| ABC| AGG| ALN|BWL|BRK"
      },
      {
        "sales_model_code": "CA1CUZ",
        "sales_model_desc": "Atlas 3.6 SE W/TECH FWD",
        "mdo_options_selected": "CRS|ABA| ABC| AGG| ALN|BWL|BRK"
      },
      {
        "sales_model_code": "CA1DUR",
        "sales_model_desc": "Atlas 3.6 SEL AWD",
        "mdo_options_selected": "CRS|ABA| ABC| AGG| ALN|BWL|BRK"
      },
      {
        "sales_model_code": "CA1DUZ",
        "sales_model_desc": "Atlas 3.6 SEL FWD",
        "mdo_options_selected": "CRS|ABA| ABC| AGG| ALN|BWL|BRK"
      },
      {
        "sales_model_code": "CA1EUR",
        "sales_model_desc": "Atlas 3.6 SEL PREMIUM AWD",
        "mdo_options_selected": "CRS|ABA| ABC| AGG| ALN|BWL|BRK"
      },
      {
        "sales_model_code": "CA1FUR",
        "sales_model_desc": "Atlas 3.6 SE W/TECH R-Line® AWD",
        "mdo_options_selected": "CRS|ABA| ABC| AGG| ALN|BWL|BRK"
      },
      {
        "sales_model_code": "CA1FUZ",
        "sales_model_desc": "Atlas 3.6 SE W/TECH R-Line® FWD",
        "mdo_options_selected": "CRS|ABA| ABC| AGG| ALN|BWL|BRK"
      },
      {
        "sales_model_code": "CA1GUR",
        "sales_model_desc": "Atlas 3.6 SEL R-Line® AWD",
        "mdo_options_selected": "CRS|ABA| ABC| AGG| ALN|BWL|BRK"
      },
      {
        "sales_model_code": "CA1GUZ",
        "sales_model_desc": "Atlas 3.6 SEL R-Line® FWD",
        "mdo_options_selected": "CRS|ABA| ABC| AGG| ALN|BWL|BRK"
      }
    ],
    "available_mdo_list": [
      {
        "sales_model_code": "CA1ANZ",
        "mdo_list": [
          {
            "option_code": "ABA",
            "option_desc": "Rear Bumper Applique Chrome",
            "msrp": 150
          },
          {
            "option_code": "ABC",
            "option_desc": "Atlas Roof Rack (Base Carrier Bars)",
            "msrp": 365
          },
          {
            "option_code": "AGG",
            "option_desc": "Splash Guards (set of 4)",
            "msrp": 220
          },
          {
            "option_code": "ALN",
            "option_desc": "Luggage Net",
            "msrp": 100
          },
          {
            "option_code": "AMK",
            "option_desc": "Monster Mats®, Heavy Duty Trunk Liner With VW Cargo Blocks",
            "msrp": 285
          },
          {
            "option_code": "APC",
            "option_desc": "Privacy Cover",
            "msrp": 200
          },
          {
            "option_code": "ARV",
            "option_desc": "Auto Dimming Rear View Mirror With Homelink®",
            "msrp": 325
          },
          {
            "option_code": "ATH",
            "option_desc": "Trailer Hitch Receiver Kit, Hitch Ball And Mount (2,000Lbs)",
            "msrp": 810
          },
          {
            "option_code": "ATS",
            "option_desc": "Side Steps",
            "msrp": 695
          },
          {
            "option_code": "AWD",
            "option_desc": "Hood Deflector",
            "msrp": 200
          },
          {
            "option_code": "BPM",
            "option_desc": "Prism Mirror",
            "msrp": 180
          },
          {
            "option_code": "BRK",
            "option_desc": "Roadside Assistance Kit",
            "msrp": 85
          },
          {
            "option_code": "BSK",
            "option_desc": "Combination Roadside Kit",
            "msrp": 99
          },
          {
            "option_code": "BWL",
            "option_desc": "Wheel Locks (Set Of 4)",
            "msrp": 80
          },
          {
            "option_code": "BXR",
            "option_desc": "Extended Range Remote Start",
            "msrp": 450
          },
          {
            "option_code": "CRS",
            "option_desc": "VW Care SUV",
            "msrp": 240
          },
          {
            "option_code": "FAK",
            "option_desc": "First Aid Kit (Port Installed)",
            "msrp": 35
          }
        ]
      },
      {
        "sales_model_code": "CA1AUR",
        "mdo_list": [
          {
            "option_code": "ABA",
            "option_desc": "Rear Bumper Applique Chrome",
            "msrp": 150
          },
          {
            "option_code": "ABC",
            "option_desc": "Atlas Roof Rack (Base Carrier Bars)",
            "msrp": 365
          },
          {
            "option_code": "AGG",
            "option_desc": "Splash Guards (set of 4)",
            "msrp": 220
          },
          {
            "option_code": "AGH",
            "option_desc": "Trailer Hitch Extras",
            "msrp": 325
          },
          {
            "option_code": "ALN",
            "option_desc": "Luggage Net",
            "msrp": 100
          },
          {
            "option_code": "AMC",
            "option_desc": "Monster Mats®,  Heavy Duty Trunk Liner With VW Cargo Blocks - Captain's Chairs",
            "msrp": 285
          },
          {
            "option_code": "AMK",
            "option_desc": "Monster Mats®, Heavy Duty Trunk Liner With VW Cargo Blocks",
            "msrp": 285
          },
          {
            "option_code": "APC",
            "option_desc": "Privacy Cover",
            "msrp": 200
          },
          {
            "option_code": "ARV",
            "option_desc": "Auto Dimming Rear View Mirror With Homelink®",
            "msrp": 325
          },
          {
            "option_code": "ATH",
            "option_desc": "Trailer Hitch Receiver Kit, Hitch Ball And Mount (2,000Lbs)",
            "msrp": 810
          },
          {
            "option_code": "ATS",
            "option_desc": "Side Steps",
            "msrp": 695
          },
          {
            "option_code": "AWD",
            "option_desc": "Hood Deflector",
            "msrp": 200
          },
          {
            "option_code": "BPM",
            "option_desc": "Prism Mirror",
            "msrp": 180
          },
          {
            "option_code": "BRK",
            "option_desc": "Roadside Assistance Kit",
            "msrp": 85
          },
          {
            "option_code": "BSK",
            "option_desc": "Combination Roadside Kit",
            "msrp": 99
          },
          {
            "option_code": "BWL",
            "option_desc": "Wheel Locks (Set Of 4)",
            "msrp": 80
          },
          {
            "option_code": "BXR",
            "option_desc": "Extended Range Remote Start",
            "msrp": 450
          },
          {
            "option_code": "CRS",
            "option_desc": "VW Care SUV",
            "msrp": 240
          },
          {
            "option_code": "FAK",
            "option_desc": "First Aid Kit (Port Installed)",
            "msrp": 35
          }
        ]
      },
      {
        "sales_model_code": "CA1BNZ",
        "mdo_list": [
          {
            "option_code": "ABA",
            "option_desc": "Rear Bumper Applique Chrome",
            "msrp": 150
          },
          {
            "option_code": "ABC",
            "option_desc": "Atlas Roof Rack (Base Carrier Bars)",
            "msrp": 365
          },
          {
            "option_code": "AGG",
            "option_desc": "Splash Guards (set of 4)",
            "msrp": 220
          },
          {
            "option_code": "ALN",
            "option_desc": "Luggage Net",
            "msrp": 100
          },
          {
            "option_code": "AMC",
            "option_desc": "Monster Mats®,  Heavy Duty Trunk Liner With Vw Cargo Blocks - Captain's Chairs",
            "msrp": 285
          },
          {
            "option_code": "AMK",
            "option_desc": "Monster Mats®, Heavy Duty Trunk Liner With VW Cargo Blocks",
            "msrp": 285
          },
          {
            "option_code": "APC",
            "option_desc": "Privacy Cover",
            "msrp": 200
          },
          {
            "option_code": "ARE",
            "option_desc": "REMOTE START",
            "msrp": 450
          },
          {
            "option_code": "ARV",
            "option_desc": "Auto Dimming Rear View Mirror With Homelink®",
            "msrp": 325
          },
          {
            "option_code": "ATH",
            "option_desc": "Trailer Hitch Receiver Kit, Hitch Ball And Mount (2,000Lbs)",
            "msrp": 810
          },
          {
            "option_code": "ATS",
            "option_desc": "Side Steps",
            "msrp": 695
          },
          {
            "option_code": "AWD",
            "option_desc": "Hood Deflector",
            "msrp": 200
          },
          {
            "option_code": "BRK",
            "option_desc": "Roadside Assistance Kit",
            "msrp": 85
          },
          {
            "option_code": "BSK",
            "option_desc": "Combination Roadside Kit",
            "msrp": 99
          },
          {
            "option_code": "BWL",
            "option_desc": "Wheel Locks (Set Of 4)",
            "msrp": 80
          },
          {
            "option_code": "BXR",
            "option_desc": "Extended Range Remote Start",
            "msrp": 450
          },
          {
            "option_code": "CRS",
            "option_desc": "VW Care SUV",
            "msrp": 240
          },
          {
            "option_code": "FAK",
            "option_desc": "First Aid Kit (Port Installed)",
            "msrp": 35
          }
        ]
      },
      {
        "sales_model_code": "CA1BUR",
        "mdo_list": [
          {
            "option_code": "ABA",
            "option_desc": "Rear Bumper Applique Chrome",
            "msrp": 150
          },
          {
            "option_code": "ABC",
            "option_desc": "Atlas Roof Rack (Base Carrier Bars)",
            "msrp": 365
          },
          {
            "option_code": "AGG",
            "option_desc": "Splash Guards (set of 4)",
            "msrp": 220
          },
          {
            "option_code": "AGH",
            "option_desc": "Trailer Hitch Extras",
            "msrp": 325
          },
          {
            "option_code": "ALN",
            "option_desc": "Luggage Net",
            "msrp": 100
          },
          {
            "option_code": "AMC",
            "option_desc": "Monster Mats®,  Heavy Duty Trunk Liner With Vw Cargo Blocks - Captain's Chairs",
            "msrp": 285
          },
          {
            "option_code": "AMK",
            "option_desc": "Monster Mats®, Heavy Duty Trunk Liner With VW Cargo Blocks",
            "msrp": 285
          },
          {
            "option_code": "APC",
            "option_desc": "Privacy Cover",
            "msrp": 200
          },
          {
            "option_code": "ARE",
            "option_desc": "REMOTE START",
            "msrp": 450
          },
          {
            "option_code": "ARV",
            "option_desc": "Auto Dimming Rear View Mirror With Homelink®",
            "msrp": 325
          },
          {
            "option_code": "ATH",
            "option_desc": "Trailer Hitch Receiver Kit, Hitch Ball And Mount (2,000Lbs)",
            "msrp": 810
          },
          {
            "option_code": "ATS",
            "option_desc": "Side Steps",
            "msrp": 695
          },
          {
            "option_code": "AWD",
            "option_desc": "Hood Deflector",
            "msrp": 200
          },
          {
            "option_code": "BRK",
            "option_desc": "Roadside Assistance Kit",
            "msrp": 85
          },
          {
            "option_code": "BSK",
            "option_desc": "Combination Roadside Kit",
            "msrp": 99
          },
          {
            "option_code": "BWL",
            "option_desc": "Wheel Locks (Set Of 4)",
            "msrp": 80
          },
          {
            "option_code": "BXR",
            "option_desc": "Extended Range Remote Start",
            "msrp": 450
          },
          {
            "option_code": "CRS",
            "option_desc": "VW Care SUV",
            "msrp": 240
          },
          {
            "option_code": "FAK",
            "option_desc": "First Aid Kit (Port Installed)",
            "msrp": 35
          }
        ]
      },
      {
        "sales_model_code": "CA1BUZ",
        "mdo_list": [
          {
            "option_code": "ABA",
            "option_desc": "Rear Bumper Applique Chrome",
            "msrp": 150
          },
          {
            "option_code": "ABC",
            "option_desc": "Atlas Roof Rack (Base Carrier Bars)",
            "msrp": 365
          },
          {
            "option_code": "AGG",
            "option_desc": "Splash Guards (set of 4)",
            "msrp": 220
          },
          {
            "option_code": "AGH",
            "option_desc": "Trailer Hitch Extras",
            "msrp": 325
          },
          {
            "option_code": "ALN",
            "option_desc": "Luggage Net",
            "msrp": 100
          },
          {
            "option_code": "AMC",
            "option_desc": "Monster Mats®,  Heavy Duty Trunk Liner With Vw Cargo Blocks - Captain's Chairs",
            "msrp": 285
          },
          {
            "option_code": "AMK",
            "option_desc": "Monster Mats®, Heavy Duty Trunk Liner With VW Cargo Blocks",
            "msrp": 285
          },
          {
            "option_code": "APC",
            "option_desc": "Privacy Cover",
            "msrp": 200
          },
          {
            "option_code": "ARE",
            "option_desc": "REMOTE START",
            "msrp": 450
          },
          {
            "option_code": "ARV",
            "option_desc": "Auto Dimming Rear View Mirror With Homelink®",
            "msrp": 325
          },
          {
            "option_code": "ATH",
            "option_desc": "Trailer Hitch Receiver Kit, Hitch Ball And Mount (2,000Lbs)",
            "msrp": 810
          },
          {
            "option_code": "ATS",
            "option_desc": "Side Steps",
            "msrp": 695
          },
          {
            "option_code": "AWD",
            "option_desc": "Hood Deflector",
            "msrp": 200
          },
          {
            "option_code": "BRK",
            "option_desc": "Roadside Assistance Kit",
            "msrp": 85
          },
          {
            "option_code": "BSK",
            "option_desc": "Combination Roadside Kit",
            "msrp": 99
          },
          {
            "option_code": "BWL",
            "option_desc": "Wheel Locks (Set Of 4)",
            "msrp": 80
          },
          {
            "option_code": "BXR",
            "option_desc": "Extended Range Remote Start",
            "msrp": 450
          },
          {
            "option_code": "CRS",
            "option_desc": "VW Care SUV",
            "msrp": 240
          },
          {
            "option_code": "FAK",
            "option_desc": "First Aid Kit (Port Installed)",
            "msrp": 35
          }
        ]
      },
      {
        "sales_model_code": "CA1CNZ",
        "mdo_list": [
          {
            "option_code": "ABA",
            "option_desc": "Rear Bumper Applique Chrome",
            "msrp": 150
          },
          {
            "option_code": "ABC",
            "option_desc": "Atlas Roof Rack (Base Carrier Bars)",
            "msrp": 365
          },
          {
            "option_code": "AGG",
            "option_desc": "Splash Guards (set of 4)",
            "msrp": 220
          },
          {
            "option_code": "ALN",
            "option_desc": "Luggage Net",
            "msrp": 100
          },
          {
            "option_code": "AMC",
            "option_desc": "Monster Mats®,  Heavy Duty Trunk Liner With Vw Cargo Blocks - Captain's Chairs",
            "msrp": 285
          },
          {
            "option_code": "AMK",
            "option_desc": "Monster Mats®, Heavy Duty Trunk Liner With VW Cargo Blocks",
            "msrp": 285
          },
          {
            "option_code": "APC",
            "option_desc": "Privacy Cover",
            "msrp": 200
          },
          {
            "option_code": "ARV",
            "option_desc": "Auto Dimming Rear View Mirror With Homelink®",
            "msrp": 325
          },
          {
            "option_code": "ATH",
            "option_desc": "Trailer Hitch Receiver Kit, Hitch Ball And Mount (2,000Lbs)",
            "msrp": 810
          },
          {
            "option_code": "ATS",
            "option_desc": "Side Steps",
            "msrp": 695
          },
          {
            "option_code": "AWD",
            "option_desc": "Hood Deflector",
            "msrp": 200
          },
          {
            "option_code": "BRK",
            "option_desc": "Roadside Assistance Kit",
            "msrp": 85
          },
          {
            "option_code": "BSK",
            "option_desc": "Combination Roadside Kit",
            "msrp": 99
          },
          {
            "option_code": "BWL",
            "option_desc": "Wheel Locks (Set Of 4)",
            "msrp": 80
          },
          {
            "option_code": "CRS",
            "option_desc": "VW Care SUV",
            "msrp": 240
          },
          {
            "option_code": "FAK",
            "option_desc": "First Aid Kit (Port Installed)",
            "msrp": 35
          }
        ]
      },
      {
        "sales_model_code": "CA1CUR",
        "mdo_list": [
          {
            "option_code": "ABA",
            "option_desc": "Rear Bumper Applique Chrome",
            "msrp": 150
          },
          {
            "option_code": "ABC",
            "option_desc": "Atlas Roof Rack (Base Carrier Bars)",
            "msrp": 365
          },
          {
            "option_code": "AGG",
            "option_desc": "Splash Guards (set of 4)",
            "msrp": 220
          },
          {
            "option_code": "AGH",
            "option_desc": "Trailer Hitch Extras",
            "msrp": 325
          },
          {
            "option_code": "ALN",
            "option_desc": "Luggage Net",
            "msrp": 100
          },
          {
            "option_code": "AMC",
            "option_desc": "Monster Mats®,  Heavy Duty Trunk Liner With Vw Cargo Blocks - Captain's Chairs",
            "msrp": 285
          },
          {
            "option_code": "AMK",
            "option_desc": "Monster Mats®, Heavy Duty Trunk Liner With VW Cargo Blocks",
            "msrp": 285
          },
          {
            "option_code": "APC",
            "option_desc": "Privacy Cover",
            "msrp": 200
          },
          {
            "option_code": "ARV",
            "option_desc": "Auto Dimming Rear View Mirror With Homelink®",
            "msrp": 325
          },
          {
            "option_code": "ATH",
            "option_desc": "Trailer Hitch Receiver Kit, Hitch Ball And Mount (2,000Lbs)",
            "msrp": 810
          },
          {
            "option_code": "ATS",
            "option_desc": "Side Steps",
            "msrp": 695
          },
          {
            "option_code": "AWD",
            "option_desc": "Hood Deflector",
            "msrp": 200
          },
          {
            "option_code": "BRK",
            "option_desc": "Roadside Assistance Kit",
            "msrp": 85
          },
          {
            "option_code": "BSK",
            "option_desc": "Combination Roadside Kit",
            "msrp": 99
          },
          {
            "option_code": "BWL",
            "option_desc": "Wheel Locks (Set Of 4)",
            "msrp": 80
          },
          {
            "option_code": "CRS",
            "option_desc": "VW Care SUV",
            "msrp": 240
          },
          {
            "option_code": "FAK",
            "option_desc": "First Aid Kit (Port Installed)",
            "msrp": 35
          }
        ]
      },
      {
        "sales_model_code": "CA1CUZ",
        "mdo_list": [
          {
            "option_code": "ABA",
            "option_desc": "Rear Bumper Applique Chrome",
            "msrp": 150
          },
          {
            "option_code": "ABC",
            "option_desc": "Atlas Roof Rack (Base Carrier Bars)",
            "msrp": 365
          },
          {
            "option_code": "AGG",
            "option_desc": "Splash Guards (set of 4)",
            "msrp": 220
          },
          {
            "option_code": "AGH",
            "option_desc": "Trailer Hitch Extras",
            "msrp": 325
          },
          {
            "option_code": "ALN",
            "option_desc": "Luggage Net",
            "msrp": 100
          },
          {
            "option_code": "AMC",
            "option_desc": "Monster Mats®,  Heavy Duty Trunk Liner With Vw Cargo Blocks - Captain's Chairs",
            "msrp": 285
          },
          {
            "option_code": "AMK",
            "option_desc": "Monster Mats®, Heavy Duty Trunk Liner With VW Cargo Blocks",
            "msrp": 285
          },
          {
            "option_code": "APC",
            "option_desc": "Privacy Cover",
            "msrp": 200
          },
          {
            "option_code": "ARV",
            "option_desc": "Auto Dimming Rear View Mirror With Homelink®",
            "msrp": 325
          },
          {
            "option_code": "ATH",
            "option_desc": "Trailer Hitch Receiver Kit, Hitch Ball And Mount (2,000Lbs)",
            "msrp": 810
          },
          {
            "option_code": "ATS",
            "option_desc": "Side Steps",
            "msrp": 695
          },
          {
            "option_code": "AWD",
            "option_desc": "Hood Deflector",
            "msrp": 200
          },
          {
            "option_code": "BRK",
            "option_desc": "Roadside Assistance Kit",
            "msrp": 85
          },
          {
            "option_code": "BSK",
            "option_desc": "Combination Roadside Kit",
            "msrp": 99
          },
          {
            "option_code": "BWL",
            "option_desc": "Wheel Locks (Set Of 4)",
            "msrp": 80
          },
          {
            "option_code": "CRS",
            "option_desc": "VW Care SUV",
            "msrp": 240
          },
          {
            "option_code": "FAK",
            "option_desc": "First Aid Kit (Port Installed)",
            "msrp": 35
          }
        ]
      },
      {
        "sales_model_code": "CA1DUR",
        "mdo_list": [
          {
            "option_code": "ABA",
            "option_desc": "Rear Bumper Applique Chrome",
            "msrp": 150
          },
          {
            "option_code": "ABC",
            "option_desc": "Atlas Roof Rack (Base Carrier Bars)",
            "msrp": 365
          },
          {
            "option_code": "AGG",
            "option_desc": "Splash Guards (set of 4)",
            "msrp": 220
          },
          {
            "option_code": "AGH",
            "option_desc": "Trailer Hitch Extras",
            "msrp": 325
          },
          {
            "option_code": "ALN",
            "option_desc": "Luggage Net",
            "msrp": 100
          },
          {
            "option_code": "AMC",
            "option_desc": "Monster Mats®,  Heavy Duty Trunk Liner With Vw Cargo Blocks - Captain's Chairs",
            "msrp": 285
          },
          {
            "option_code": "AMK",
            "option_desc": "Monster Mats®, Heavy Duty Trunk Liner With VW Cargo Blocks",
            "msrp": 285
          },
          {
            "option_code": "APC",
            "option_desc": "Privacy Cover",
            "msrp": 200
          },
          {
            "option_code": "ARV",
            "option_desc": "Auto Dimming Rear View Mirror With Homelink®",
            "msrp": 325
          },
          {
            "option_code": "ATS",
            "option_desc": "Side Steps",
            "msrp": 695
          },
          {
            "option_code": "AWD",
            "option_desc": "Hood Deflector",
            "msrp": 200
          },
          {
            "option_code": "BRK",
            "option_desc": "Roadside Assistance Kit",
            "msrp": 85
          },
          {
            "option_code": "BSK",
            "option_desc": "Combination Roadside Kit",
            "msrp": 99
          },
          {
            "option_code": "BWL",
            "option_desc": "Wheel Locks (Set Of 4)",
            "msrp": 80
          },
          {
            "option_code": "CRS",
            "option_desc": "VW Care SUV",
            "msrp": 240
          },
          {
            "option_code": "FAK",
            "option_desc": "First Aid Kit (Port Installed)",
            "msrp": 35
          }
        ]
      },
      {
        "sales_model_code": "CA1DUZ",
        "mdo_list": [
          {
            "option_code": "ABA",
            "option_desc": "Rear Bumper Applique Chrome",
            "msrp": 150
          },
          {
            "option_code": "ABC",
            "option_desc": "Atlas Roof Rack (Base Carrier Bars)",
            "msrp": 365
          },
          {
            "option_code": "AGG",
            "option_desc": "Splash Guards (set of 4)",
            "msrp": 220
          },
          {
            "option_code": "AGH",
            "option_desc": "Trailer Hitch Extras",
            "msrp": 325
          },
          {
            "option_code": "ALN",
            "option_desc": "Luggage Net",
            "msrp": 100
          },
          {
            "option_code": "AMC",
            "option_desc": "Monster Mats®,  Heavy Duty Trunk Liner With Vw Cargo Blocks - Captain's Chairs",
            "msrp": 285
          },
          {
            "option_code": "AMK",
            "option_desc": "Monster Mats®, Heavy Duty Trunk Liner With VW Cargo Blocks",
            "msrp": 285
          },
          {
            "option_code": "APC",
            "option_desc": "Privacy Cover",
            "msrp": 200
          },
          {
            "option_code": "ARV",
            "option_desc": "Auto Dimming Rear View Mirror With Homelink®",
            "msrp": 325
          },
          {
            "option_code": "ATS",
            "option_desc": "Side Steps",
            "msrp": 695
          },
          {
            "option_code": "AWD",
            "option_desc": "Hood Deflector",
            "msrp": 200
          },
          {
            "option_code": "BRK",
            "option_desc": "Roadside Assistance Kit",
            "msrp": 85
          },
          {
            "option_code": "BSK",
            "option_desc": "Combination Roadside Kit",
            "msrp": 99
          },
          {
            "option_code": "BWL",
            "option_desc": "Wheel Locks (Set Of 4)",
            "msrp": 80
          },
          {
            "option_code": "CRS",
            "option_desc": "VW Care SUV",
            "msrp": 240
          },
          {
            "option_code": "FAK",
            "option_desc": "First Aid Kit (Port Installed)",
            "msrp": 35
          }
        ]
      },
      {
        "sales_model_code": "CA1EUR",
        "mdo_list": [
          {
            "option_code": "ABA",
            "option_desc": "Rear Bumper Applique Chrome",
            "msrp": 150
          },
          {
            "option_code": "ABC",
            "option_desc": "Atlas Roof Rack (Base Carrier Bars)",
            "msrp": 365
          },
          {
            "option_code": "AGG",
            "option_desc": "Splash Guards (set of 4)",
            "msrp": 220
          },
          {
            "option_code": "AGH",
            "option_desc": "Trailer Hitch Extras",
            "msrp": 325
          },
          {
            "option_code": "ALN",
            "option_desc": "Luggage Net",
            "msrp": 100
          },
          {
            "option_code": "AMC",
            "option_desc": "Monster Mats®,  Heavy Duty Trunk Liner With Vw Cargo Blocks - Captain's Chairs",
            "msrp": 285
          },
          {
            "option_code": "AMK",
            "option_desc": "Monster Mats®, Heavy Duty Trunk Liner With VW Cargo Blocks",
            "msrp": 285
          },
          {
            "option_code": "APC",
            "option_desc": "Privacy Cover",
            "msrp": 200
          },
          {
            "option_code": "ARV",
            "option_desc": "Auto Dimming Rear View Mirror With Homelink®",
            "msrp": 325
          },
          {
            "option_code": "ATS",
            "option_desc": "Side Steps",
            "msrp": 695
          },
          {
            "option_code": "AWD",
            "option_desc": "Hood Deflector",
            "msrp": 200
          },
          {
            "option_code": "BRK",
            "option_desc": "Roadside Assistance Kit",
            "msrp": 85
          },
          {
            "option_code": "BSK",
            "option_desc": "Combination Roadside Kit",
            "msrp": 99
          },
          {
            "option_code": "BWL",
            "option_desc": "Wheel Locks (Set Of 4)",
            "msrp": 80
          },
          {
            "option_code": "CRS",
            "option_desc": "VW Care SUV",
            "msrp": 240
          },
          {
            "option_code": "FAK",
            "option_desc": "First Aid Kit (Port Installed)",
            "msrp": 35
          }
        ]
      },
      {
        "sales_model_code": "CA1FUR",
        "mdo_list": [
          {
            "option_code": "ABA",
            "option_desc": "Rear Bumper Applique Chrome",
            "msrp": 150
          },
          {
            "option_code": "ABC",
            "option_desc": "Atlas Roof Rack (Base Carrier Bars)",
            "msrp": 365
          },
          {
            "option_code": "AGG",
            "option_desc": "Splash Guards (set of 4)",
            "msrp": 220
          },
          {
            "option_code": "AGH",
            "option_desc": "Trailer Hitch Extras",
            "msrp": 325
          },
          {
            "option_code": "ALN",
            "option_desc": "Luggage Net",
            "msrp": 100
          },
          {
            "option_code": "AMC",
            "option_desc": "Monster Mats®,  Heavy Duty Trunk Liner With Vw Cargo Blocks - Captain's Chairs",
            "msrp": 285
          },
          {
            "option_code": "AMK",
            "option_desc": "Monster Mats®, Heavy Duty Trunk Liner With VW Cargo Blocks",
            "msrp": 285
          },
          {
            "option_code": "APC",
            "option_desc": "Privacy Cover",
            "msrp": 200
          },
          {
            "option_code": "ARV",
            "option_desc": "Auto Dimming Rear View Mirror With Homelink®",
            "msrp": 325
          },
          {
            "option_code": "ATH",
            "option_desc": "Trailer Hitch Receiver Kit, Hitch Ball And Mount (2,000Lbs)",
            "msrp": 810
          },
          {
            "option_code": "ATS",
            "option_desc": "Side Steps",
            "msrp": 695
          },
          {
            "option_code": "AWD",
            "option_desc": "Hood Deflector",
            "msrp": 200
          },
          {
            "option_code": "BRK",
            "option_desc": "Roadside Assistance Kit",
            "msrp": 85
          },
          {
            "option_code": "BSK",
            "option_desc": "Combination Roadside Kit",
            "msrp": 99
          },
          {
            "option_code": "BWL",
            "option_desc": "Wheel Locks (Set Of 4)",
            "msrp": 80
          },
          {
            "option_code": "CRS",
            "option_desc": "VW Care SUV",
            "msrp": 240
          },
          {
            "option_code": "FAK",
            "option_desc": "First Aid Kit (Port Installed)",
            "msrp": 35
          }
        ]
      },
      {
        "sales_model_code": "CA1FUZ",
        "mdo_list": [
          {
            "option_code": "ABA",
            "option_desc": "Rear Bumper Applique Chrome",
            "msrp": 150
          },
          {
            "option_code": "ABC",
            "option_desc": "Atlas Roof Rack (Base Carrier Bars)",
            "msrp": 365
          },
          {
            "option_code": "AGG",
            "option_desc": "Splash Guards (set of 4)",
            "msrp": 220
          },
          {
            "option_code": "AGH",
            "option_desc": "Trailer Hitch Extras",
            "msrp": 325
          },
          {
            "option_code": "ALN",
            "option_desc": "Luggage Net",
            "msrp": 100
          },
          {
            "option_code": "AMC",
            "option_desc": "Monster Mats®,  Heavy Duty Trunk Liner With Vw Cargo Blocks - Captain's Chairs",
            "msrp": 285
          },
          {
            "option_code": "AMK",
            "option_desc": "Monster Mats®, Heavy Duty Trunk Liner With VW Cargo Blocks",
            "msrp": 285
          },
          {
            "option_code": "APC",
            "option_desc": "Privacy Cover",
            "msrp": 200
          },
          {
            "option_code": "ARV",
            "option_desc": "Auto Dimming Rear View Mirror With Homelink®",
            "msrp": 325
          },
          {
            "option_code": "ATH",
            "option_desc": "Trailer Hitch Receiver Kit, Hitch Ball And Mount (2,000Lbs)",
            "msrp": 810
          },
          {
            "option_code": "ATS",
            "option_desc": "Side Steps",
            "msrp": 695
          },
          {
            "option_code": "AWD",
            "option_desc": "Hood Deflector",
            "msrp": 200
          },
          {
            "option_code": "BRK",
            "option_desc": "Roadside Assistance Kit",
            "msrp": 85
          },
          {
            "option_code": "BSK",
            "option_desc": "Combination Roadside Kit",
            "msrp": 99
          },
          {
            "option_code": "BWL",
            "option_desc": "Wheel Locks (Set Of 4)",
            "msrp": 80
          },
          {
            "option_code": "CRS",
            "option_desc": "VW Care SUV",
            "msrp": 240
          },
          {
            "option_code": "FAK",
            "option_desc": "First Aid Kit (Port Installed)",
            "msrp": 35
          }
        ]
      },
      {
        "sales_model_code": "CA1GUR",
        "mdo_list": [
          {
            "option_code": "ABA",
            "option_desc": "Rear Bumper Applique Chrome",
            "msrp": 150
          },
          {
            "option_code": "ABC",
            "option_desc": "Atlas Roof Rack (Base Carrier Bars)",
            "msrp": 365
          },
          {
            "option_code": "AGG",
            "option_desc": "Splash Guards (set of 4)",
            "msrp": 220
          },
          {
            "option_code": "AGH",
            "option_desc": "Trailer Hitch Extras",
            "msrp": 325
          },
          {
            "option_code": "ALN",
            "option_desc": "Luggage Net",
            "msrp": 100
          },
          {
            "option_code": "AMC",
            "option_desc": "Monster Mats®,  Heavy Duty Trunk Liner With Vw Cargo Blocks - Captain's Chairs",
            "msrp": 285
          },
          {
            "option_code": "AMK",
            "option_desc": "Monster Mats®, Heavy Duty Trunk Liner With VW Cargo Blocks",
            "msrp": 285
          },
          {
            "option_code": "APC",
            "option_desc": "Privacy Cover",
            "msrp": 200
          },
          {
            "option_code": "ARV",
            "option_desc": "Auto Dimming Rear View Mirror With Homelink®",
            "msrp": 325
          },
          {
            "option_code": "ATS",
            "option_desc": "Side Steps",
            "msrp": 695
          },
          {
            "option_code": "AWD",
            "option_desc": "Hood Deflector",
            "msrp": 200
          },
          {
            "option_code": "BRK",
            "option_desc": "Roadside Assistance Kit",
            "msrp": 85
          },
          {
            "option_code": "BSK",
            "option_desc": "Combination Roadside Kit",
            "msrp": 99
          },
          {
            "option_code": "BWL",
            "option_desc": "Wheel Locks (Set Of 4)",
            "msrp": 80
          },
          {
            "option_code": "CRS",
            "option_desc": "VW Care SUV",
            "msrp": 240
          },
          {
            "option_code": "FAK",
            "option_desc": "First Aid Kit (Port Installed)",
            "msrp": 35
          }
        ]
      },
      {
        "sales_model_code": "CA1GUZ",
        "mdo_list": [
          {
            "option_code": "ABA",
            "option_desc": "Rear Bumper Applique Chrome",
            "msrp": 150
          },
          {
            "option_code": "ABC",
            "option_desc": "Atlas Roof Rack (Base Carrier Bars)",
            "msrp": 365
          },
          {
            "option_code": "AGG",
            "option_desc": "Splash Guards (set of 4)",
            "msrp": 220
          },
          {
            "option_code": "AGH",
            "option_desc": "Trailer Hitch Extras",
            "msrp": 325
          },
          {
            "option_code": "ALN",
            "option_desc": "Luggage Net",
            "msrp": 100
          },
          {
            "option_code": "AMC",
            "option_desc": "Monster Mats®,  Heavy Duty Trunk Liner With Vw Cargo Blocks - Captain's Chairs",
            "msrp": 285
          },
          {
            "option_code": "AMK",
            "option_desc": "Monster Mats®, Heavy Duty Trunk Liner With VW Cargo Blocks",
            "msrp": 285
          },
          {
            "option_code": "APC",
            "option_desc": "Privacy Cover",
            "msrp": 200
          },
          {
            "option_code": "ARV",
            "option_desc": "Auto Dimming Rear View Mirror With Homelink®",
            "msrp": 325
          },
          {
            "option_code": "ATS",
            "option_desc": "Side Steps",
            "msrp": 695
          },
          {
            "option_code": "AWD",
            "option_desc": "Hood Deflector",
            "msrp": 200
          },
          {
            "option_code": "BRK",
            "option_desc": "Roadside Assistance Kit",
            "msrp": 85
          },
          {
            "option_code": "BSK",
            "option_desc": "Combination Roadside Kit",
            "msrp": 99
          },
          {
            "option_code": "BWL",
            "option_desc": "Wheel Locks (Set Of 4)",
            "msrp": 80
          },
          {
            "option_code": "CRS",
            "option_desc": "VW Care SUV",
            "msrp": 240
          },
          {
            "option_code": "FAK",
            "option_desc": "First Aid Kit (Port Installed)",
            "msrp": 35
          }
        ]
      }
    ]
  }
}
