{
  "carlines": [
    {
      "model_year": 2019,
      "carline_code": "ART8",
      "carline_desc": "Arteon"
    },
    {
      "model_year": 2019,
      "carline_code": "ATL1",
      "carline_desc": "Atlas"
    },
    {
      "model_year": 2019,
      "carline_code": "BCGP",
      "carline_desc": "Beetle Convertible"
    },
    {
      "model_year": 2019,
      "carline_code": "GOGP",
      "carline_desc": "Golf"
    },
    {
      "model_year": 2019,
      "carline_code": "GRGP",
      "carline_desc": "Golf R"
    },
    {
      "model_year": 2019,
      "carline_code": "GSGP",
      "carline_desc": "Golf SportWagen"
    },
    {
      "model_year": 2019,
      "carline_code": "GTGP",
      "carline_desc": "GTI"
    },
    {
      "model_year": 2019,
      "carline_code": "JET7",
      "carline_desc": "Jetta"
    },
    {
      "model_year": 2019,
      "carline_code": "NBGP",
      "carline_desc": "Beetle"
    },
    {
      "model_year": 2019,
      "carline_code": "PAGP",
      "carline_desc": "Passat"
    },
    {
      "model_year": 2019,
      "carline_code": "TIG7",
      "carline_desc": "Tiguan LWB"
    }
  ]
}
