{
  "ordering_analytics": {
    "brand": "VLK",
    "country": "USA",
    "dealer_code": "420114",
    "region_code": "CER",
    "area_code": "2A",
    "cluster_id": "CER1",
    "active_cycle": "FSO",
    "order_cycle": {
      "calendar_year": 2019,
      "calendar_month": "SEP"
    },
    "analytics_details": {
      "model_year": 2019,
      "carline_code": "ATL1",
      "carline_name": "Atlas",
      "ideal_mix": 100,
      "dealer_suggested_orders": 850,
      "sales_rate": 5.35,
      "dealer_day_supply": 57,
      "region_day_supply": 55,
      "area_day_supply": 57,
      "cluster_day_supply": 58,
      "dealer_turn_rate": 6.58,
      "region_turn_rate": 7.15,
      "area_turn_rate": 6.33,
      "cluster_turn_rate": 5.78,
      "dealer_speed_of_sales": 61,
      "region_speed_of_sales": 60,
      "area_speed_of_sales": 59,
      "cluster_speed_of_sales": 57,
      "dealer_aging_stock": 7.5,
      "region_aging_stock": 8.15,
      "area_aging_stock": 5.33,
      "cluster_aging_stock": 4.78,
      "trim_short_mix": [
        {
          "trim_short": "S",
          "ideal_mix": 20,
          "dealer_suggested_orders": 275,
          "sales_rate": 4.35,
          "dealer_day_supply": 50,
          "region_day_supply": 45,
          "area_day_supply": 53,
          "cluster_day_supply": 47,
          "dealer_turn_rate": 7.5,
          "region_turn_rate": 8.05,
          "area_turn_rate": 5.33,
          "cluster_turn_rate": 4.78,
          "dealer_speed_of_sales": 50,
          "region_speed_of_sales": 60,
          "area_speed_of_sales": 53,
          "cluster_speed_of_sales": 47,
          "dealer_aging_stock": 7.5,
          "region_aging_stock": 8.15,
          "area_aging_stock": 5.33,
          "cluster_aging_stock": 4.78,
          "sale_model_mix": [
            {
              "sales_model_code": "CA1ANZ",
              "ideal_mix": 5,
              "dealer_suggested_orders": 69,
              "sales_rate": 0.61,
              "dealer_day_supply": 50,
              "region_day_supply": 45,
              "area_day_supply": 53,
              "cluster_day_supply": 47,
              "dealer_turn_rate": 7.5,
              "region_turn_rate": 8.05,
              "area_turn_rate": 5.33,
              "cluster_turn_rate": 4.78,
              "dealer_speed_of_sales": 50,
              "region_speed_of_sales": 60,
              "area_speed_of_sales": 53,
              "cluster_speed_of_sales": 47,
              "dealer_aging_stock": 7.5,
              "region_aging_stock": 8.15,
              "area_aging_stock": 5.33,
              "cluster_aging_stock": 4.78
            },
            {
              "sales_model_code": "CA1AUR",
              "ideal_mix": 15,
              "dealer_suggested_orders": 206,
              "sales_rate": 0.57,
              "dealer_day_supply": 55,
              "region_day_supply": 46,
              "area_day_supply": 52,
              "cluster_day_supply": 48,
              "dealer_turn_rate": 6.5,
              "region_turn_rate": 8.25,
              "area_turn_rate": 5.13,
              "cluster_turn_rate": 5.7,
              "dealer_speed_of_sales": 80,
              "region_speed_of_sales": 65,
              "area_speed_of_sales": 59,
              "cluster_speed_of_sales": 49,
              "dealer_aging_stock": 7.5,
              "region_aging_stock": 8.15,
              "area_aging_stock": 5,
              "cluster_aging_stock": 6.12
            }
          ]
        },
        {
          "trim_short": "SE",
          "ideal_mix": 22.51,
          "dealer_suggested_orders": 150,
          "sales_rate": 5.35,
          "dealer_day_supply": 55,
          "region_day_supply": 46,
          "area_day_supply": 52,
          "cluster_day_supply": 48,
          "dealer_turn_rate": 6.5,
          "region_turn_rate": 8.25,
          "area_turn_rate": 5.13,
          "cluster_turn_rate": 5.7,
          "dealer_speed_of_sales": 80,
          "region_speed_of_sales": 65,
          "area_speed_of_sales": 59,
          "cluster_speed_of_sales": 49,
          "dealer_aging_stock": 7.5,
          "region_aging_stock": 8.15,
          "area_aging_stock": 5,
          "cluster_aging_stock": 6.12,
          "sale_model_mix": [
            {
              "sales_model_code": "CA1BNZ",
              "ideal_mix": 4.51,
              "dealer_suggested_orders": 30,
              "sales_rate": 0.29,
              "dealer_day_supply": 55,
              "region_day_supply": 55,
              "area_day_supply": 61,
              "cluster_day_supply": 54,
              "dealer_turn_rate": 7.25,
              "region_turn_rate": 8.05,
              "area_turn_rate": 8.1,
              "cluster_turn_rate": 5.61,
              "dealer_speed_of_sales": 60,
              "region_speed_of_sales": 61,
              "area_speed_of_sales": 63,
              "cluster_speed_of_sales": 67,
              "dealer_aging_stock": 7.58,
              "region_aging_stock": 7.15,
              "area_aging_stock": 7.33,
              "cluster_aging_stock": 7.78
            },
            {
              "sales_model_code": "CA1BUR",
              "ideal_mix": 10,
              "dealer_suggested_orders": 67,
              "sales_rate": 2.06,
              "dealer_day_supply": 43,
              "region_day_supply": 42,
              "area_day_supply": 41,
              "cluster_day_supply": 41,
              "dealer_turn_rate": 7.05,
              "region_turn_rate": 8.05,
              "area_turn_rate": 8.13,
              "cluster_turn_rate": 8.1,
              "dealer_speed_of_sales": 70,
              "region_speed_of_sales": 71,
              "area_speed_of_sales": 73,
              "cluster_speed_of_sales": 77,
              "dealer_aging_stock": 7.46,
              "region_aging_stock": 8.53,
              "area_aging_stock": 8,
              "cluster_aging_stock": 7.6
            },
            {
              "sales_model_code": "CA1BUZ",
              "ideal_mix": 8,
              "dealer_suggested_orders": 53,
              "sales_rate": 1.56,
              "dealer_day_supply": 64,
              "region_day_supply": 65,
              "area_day_supply": 63,
              "cluster_day_supply": 67,
              "dealer_turn_rate": 7.54,
              "region_turn_rate": 8.15,
              "area_turn_rate": 7.33,
              "cluster_turn_rate": 7.78,
              "dealer_speed_of_sales": 56,
              "region_speed_of_sales": 60,
              "area_speed_of_sales": 58,
              "cluster_speed_of_sales": 57,
              "dealer_aging_stock": 6.95,
              "region_aging_stock": 8,
              "area_aging_stock": 7.93,
              "cluster_aging_stock": 8.78
            }
          ]
        },
        {
          "trim_short": "SE W/ TECH",
          "ideal_mix": 17.49,
          "dealer_suggested_orders": 200,
          "sales_rate": 5.1,
          "dealer_day_supply": 55,
          "region_day_supply": 55,
          "area_day_supply": 61,
          "cluster_day_supply": 54,
          "dealer_turn_rate": 7.25,
          "region_turn_rate": 8.05,
          "area_turn_rate": 8.1,
          "cluster_turn_rate": 5.61,
          "dealer_speed_of_sales": 60,
          "region_speed_of_sales": 61,
          "area_speed_of_sales": 63,
          "cluster_speed_of_sales": 67,
          "dealer_aging_stock": 7.58,
          "region_aging_stock": 7.15,
          "area_aging_stock": 7.33,
          "cluster_aging_stock": 7.78,
          "sale_model_mix": [
            {
              "sales_model_code": "CA1BNZ",
              "ideal_mix": 4.51,
              "dealer_suggested_orders": 30,
              "sales_rate": 0.29,
              "dealer_day_supply": 55,
              "region_day_supply": 55,
              "area_day_supply": 61,
              "cluster_day_supply": 54,
              "dealer_turn_rate": 7.25,
              "region_turn_rate": 8.05,
              "area_turn_rate": 8.1,
              "cluster_turn_rate": 5.61,
              "dealer_speed_of_sales": 60,
              "region_speed_of_sales": 61,
              "area_speed_of_sales": 63,
              "cluster_speed_of_sales": 67,
              "dealer_aging_stock": 7.58,
              "region_aging_stock": 7.15,
              "area_aging_stock": 7.33,
              "cluster_aging_stock": 7.78
            },
            {
              "sales_model_code": "CA1BUR",
              "ideal_mix": 10,
              "dealer_suggested_orders": 67,
              "sales_rate": 2.06,
              "dealer_day_supply": 43,
              "region_day_supply": 42,
              "area_day_supply": 41,
              "cluster_day_supply": 41,
              "dealer_turn_rate": 7.05,
              "region_turn_rate": 8.05,
              "area_turn_rate": 8.13,
              "cluster_turn_rate": 8.1,
              "dealer_speed_of_sales": 70,
              "region_speed_of_sales": 71,
              "area_speed_of_sales": 73,
              "cluster_speed_of_sales": 77,
              "dealer_aging_stock": 7.46,
              "region_aging_stock": 8.53,
              "area_aging_stock": 8,
              "cluster_aging_stock": 7.6
            },
            {
              "sales_model_code": "CA1BUZ",
              "ideal_mix": 8,
              "dealer_suggested_orders": 53,
              "sales_rate": 1.56,
              "dealer_day_supply": 64,
              "region_day_supply": 65,
              "area_day_supply": 63,
              "cluster_day_supply": 67,
              "dealer_turn_rate": 7.54,
              "region_turn_rate": 8.15,
              "area_turn_rate": 7.33,
              "cluster_turn_rate": 7.78,
              "dealer_speed_of_sales": 56,
              "region_speed_of_sales": 60,
              "area_speed_of_sales": 58,
              "cluster_speed_of_sales": 57,
              "dealer_aging_stock": 6.95,
              "region_aging_stock": 8,
              "area_aging_stock": 7.93,
              "cluster_aging_stock": 8.78
            }
          ]
        },
        {
          "trim_short": "SEL",
          "ideal_mix": 22.5,
          "dealer_suggested_orders": 100,
          "sales_rate": 6.35,
          "dealer_day_supply": 43,
          "region_day_supply": 42,
          "area_day_supply": 41,
          "cluster_day_supply": 41,
          "dealer_turn_rate": 7.05,
          "region_turn_rate": 8.05,
          "area_turn_rate": 8.13,
          "cluster_turn_rate": 8.1,
          "dealer_speed_of_sales": 70,
          "region_speed_of_sales": 71,
          "area_speed_of_sales": 73,
          "cluster_speed_of_sales": 77,
          "dealer_aging_stock": 7.46,
          "region_aging_stock": 8.53,
          "area_aging_stock": 8,
          "cluster_aging_stock": 7.6,
          "sale_model_mix": [
            {
              "sales_model_code": "CA1DUR",
              "ideal_mix": 4.5,
              "dealer_suggested_orders": 20,
              "sales_rate": 0.27,
              "dealer_day_supply": 55,
              "region_day_supply": 55,
              "area_day_supply": 61,
              "cluster_day_supply": 54,
              "dealer_turn_rate": 7.25,
              "region_turn_rate": 8.05,
              "area_turn_rate": 8.1,
              "cluster_turn_rate": 5.61,
              "dealer_speed_of_sales": 60,
              "region_speed_of_sales": 61,
              "area_speed_of_sales": 63,
              "cluster_speed_of_sales": 67,
              "dealer_aging_stock": 7.58,
              "region_aging_stock": 7.15,
              "area_aging_stock": 7.33,
              "cluster_aging_stock": 7.78
            },
            {
              "sales_model_code": "CA1DUZ",
              "ideal_mix": 7,
              "dealer_suggested_orders": 35,
              "sales_rate": 0.27,
              "dealer_day_supply": 43,
              "region_day_supply": 42,
              "area_day_supply": 41,
              "cluster_day_supply": 41,
              "dealer_turn_rate": 7.05,
              "region_turn_rate": 8.05,
              "area_turn_rate": 8.13,
              "cluster_turn_rate": 8.1,
              "dealer_speed_of_sales": 70,
              "region_speed_of_sales": 71,
              "area_speed_of_sales": 73,
              "cluster_speed_of_sales": 77,
              "dealer_aging_stock": 7.46,
              "region_aging_stock": 8.53,
              "area_aging_stock": 8,
              "cluster_aging_stock": 7.6
            },
            {
              "sales_model_code": "CA1GUR",
              "ideal_mix": 5,
              "dealer_suggested_orders": 25,
              "sales_rate": 0.32,
              "dealer_day_supply": 64,
              "region_day_supply": 65,
              "area_day_supply": 63,
              "cluster_day_supply": 67,
              "dealer_turn_rate": 7.54,
              "region_turn_rate": 8.15,
              "area_turn_rate": 7.33,
              "cluster_turn_rate": 7.78,
              "dealer_speed_of_sales": 56,
              "region_speed_of_sales": 60,
              "area_speed_of_sales": 58,
              "cluster_speed_of_sales": 57,
              "dealer_aging_stock": 6.95,
              "region_aging_stock": 8,
              "area_aging_stock": 7.93,
              "cluster_aging_stock": 8.78
            },
            {
              "sales_model_code": "CA1GUZ",
              "ideal_mix": 6,
              "dealer_suggested_orders": 20,
              "sales_rate": 0.28,
              "dealer_day_supply": 58,
              "region_day_supply": 47,
              "area_day_supply": 50,
              "cluster_day_supply": 58,
              "dealer_turn_rate": 7.02,
              "region_turn_rate": 7.96,
              "area_turn_rate": 8.01,
              "cluster_turn_rate": 7.9,
              "dealer_speed_of_sales": 65,
              "region_speed_of_sales": 52,
              "area_speed_of_sales": 68,
              "cluster_speed_of_sales": 50,
              "dealer_aging_stock": 58,
              "region_aging_stock": 9,
              "area_aging_stock": 7.32,
              "cluster_aging_stock": 7.54
            }
          ]
        },
        {
          "trim_short": "SEL PREMIUM",
          "ideal_mix": 17.5,
          "dealer_suggested_orders": 125,
          "sales_rate": 4.35,
          "dealer_day_supply": 64,
          "region_day_supply": 65,
          "area_day_supply": 63,
          "cluster_day_supply": 67,
          "dealer_turn_rate": 7.54,
          "region_turn_rate": 8.15,
          "area_turn_rate": 7.33,
          "cluster_turn_rate": 7.78,
          "dealer_speed_of_sales": 56,
          "region_speed_of_sales": 60,
          "area_speed_of_sales": 58,
          "cluster_speed_of_sales": 57,
          "dealer_aging_stock": 6.95,
          "region_aging_stock": 8,
          "area_aging_stock": 7.93,
          "cluster_aging_stock": 8.78,
          "sale_model_mix": [
            {
              "sales_model_code": "CA1EUR",
              "ideal_mix": 17.5,
              "dealer_suggested_orders": 125,
              "sales_rate": 0.27,
              "dealer_day_supply": 43,
              "region_day_supply": 42,
              "area_day_supply": 41,
              "cluster_day_supply": 41,
              "dealer_turn_rate": 7.05,
              "region_turn_rate": 8.05,
              "area_turn_rate": 8.13,
              "cluster_turn_rate": 8.1,
              "dealer_speed_of_sales": 70,
              "region_speed_of_sales": 71,
              "area_speed_of_sales": 73,
              "cluster_speed_of_sales": 77,
              "dealer_aging_stock": 7.46,
              "region_aging_stock": 8.53,
              "area_aging_stock": 8,
              "cluster_aging_stock": 7.6
            }
          ]
        }
      ]
    }
  }
}