{
  "distribution_pool_trim_analysis": {
    "brand": "VLK",
    "country": "USA",
    "carline": {
      "model_year": 2019,
      "carline_code": "ATL1",
      "carline_desc": "Atlas",
      "total_allocation": 100,
      "trim_mix": [
        {
          "trim": "S",
          "accepted_vol": 30
        },
        {
          "trim": "SE",
          "accepted_vol": 15
        },
        {
          "trim": "SE w/Technology",
          "accepted_vol": 8
        },
        {
          "trim": "SE w/Technology R-Line®",
          "accepted_vol": 7
        },
        {
          "trim": "SEL",
          "accepted_vol": 13
        },
        {
          "trim": "SEL R-Line®",
          "accepted_vol": 2
        },
        {
          "trim": "SEL Premium",
          "accepted_vol": 25
        }
      ],
      "drivetrain_mix": [
        {
          "drivetrain": "4MOTION®",
          "accepted_vol": 90
        },
        {
          "drivetrain": "FWD",
          "accepted_vol": 10
        }
      ],
      "transmission_mix": [
        {
          "transmission": "Automatic",
          "accepted_vol": 100
        },
        {
          "transmission": "Manual",
          "accepted_vol": 0
        }
      ],
      "ext_color_mix": [
        {
          "ext_color_code": "0Q0Q",
          "ext_color_desc": "PURE WHITE",
          "ext_color_category": "PURE WHITE",
          "accepted_vol": 13,
          "int_color_mix": [
            {
              "int_color_code": "SL",
              "int_color_desc": "SHETLAND V-TEX LEATHERETTE",
              "int_color_category": "BEIGE",
              "accepted_vol": 2
            },
            {
              "int_color_code": "WR",
              "int_color_desc": "TITAN BLACK V-TEX",
              "int_color_category": "BLACK",
              "accepted_vol": 3
            },
            {
              "int_color_code": "BC",
              "int_color_desc": "TITAN BLACK CLOTH",
              "int_color_category": "BLACK",
              "accepted_vol": 8
            }
          ]
        },
        {
          "ext_color_code": "2R2R",
          "ext_color_desc": "PLATINUM GRAY METALLIC",
          "ext_color_category": "PLATINUM GRAY METALLIC",
          "accepted_vol": 5,
          "int_color_mix": [
            {
              "int_color_code": "WR",
              "int_color_desc": "TITAN BLACK V-TEX",
              "int_color_category": "BLACK",
              "accepted_vol": 5
            }
          ]
        },
        {
          "ext_color_code": "2T2T",
          "ext_color_desc": "DEEP BLACK PEARL",
          "ext_color_category": "DEEP BLACK PEARL",
          "accepted_vol": 8,
          "int_color_mix": [
            {
              "int_color_code": "SL",
              "int_color_desc": "SHETLAND V-TEX LEATHERETTE",
              "int_color_category": "BEIGE",
              "accepted_vol": 2
            },
            {
              "int_color_code": "WR",
              "int_color_desc": "TITAN BLACK V-TEX",
              "int_color_category": "BLACK",
              "accepted_vol": 4
            },
            {
              "int_color_code": "GO",
              "int_color_desc": "GOLDEN OAK & BLACK TWO-TONE",
              "int_color_category": "GO",
              "accepted_vol": 2
            }
          ]
        },
        {
          "ext_color_code": "8E8E",
          "ext_color_desc": "REFLEX SILVER METALLIC",
          "ext_color_category": "REFLEX SILVER METALLIC",
          "accepted_vol": 9,
          "int_color_mix": [
            {
              "int_color_code": "WR",
              "int_color_desc": "TITAN BLACK V-TEX",
              "int_color_category": "BLACK",
              "accepted_vol": 9
            }
          ]
        },
        {
          "ext_color_code": "I9I9",
          "ext_color_desc": "FORTANA RED METALLIC",
          "ext_color_category": "FORTANA RED METALLIC",
          "accepted_vol": 26,
          "int_color_mix": [
            {
              "int_color_code": "SL",
              "int_color_desc": "SHETLAND V-TEX LEATHERETTE",
              "int_color_category": "BEIGE",
              "accepted_vol": 20
            },
            {
              "int_color_code": "WR",
              "int_color_desc": "TITAN BLACK V-TEX",
              "int_color_category": "BLACK",
              "accepted_vol": 6
            }
          ]
        },
        {
          "ext_color_code": "J1J1",
          "ext_color_desc": "TERRA BROWN METALLIC",
          "ext_color_category": "TERRA BROWN METALLIC",
          "accepted_vol": 24,
          "int_color_mix": [
            {
              "int_color_code": "SL",
              "int_color_desc": "SHETLAND V-TEX LEATHERETTE",
              "int_color_category": "BEIGE",
              "accepted_vol": 7
            },
            {
              "int_color_code": "WR",
              "int_color_desc": "TITAN BLACK V-TEX",
              "int_color_category": "BLACK",
              "accepted_vol": 17
            }
          ]
        },
        {
          "ext_color_code": "P2P2",
          "ext_color_desc": "TOURMALINE BLUE METALLIC",
          "ext_color_category": "TOURMALINE BLUE METALLIC",
          "accepted_vol": 15,
          "int_color_mix": [
            {
              "int_color_code": "SL",
              "int_color_desc": "SHETLAND V-TEX LEATHERETTE",
              "int_color_category": "BEIGE",
              "accepted_vol": 1
            },
            {
              "int_color_code": "WR",
              "int_color_desc": "TITAN BLACK V-TEX",
              "int_color_category": "BLACK",
              "accepted_vol": 11
            },
            {
              "int_color_code": "GO",
              "int_color_desc": "GOLDEN OAK & BLACK TWO-TONE",
              "int_color_category": "GO",
              "accepted_vol": 3
            }
          ]
        }
      ]
    }
  },
  "trims": [
    {
      "trim": "S",
      "trim_allocation": 30,
      "factory_option_mix": [
        {
          "option_code": "P04",
          "option_desc": "CAPTAIN's CHAIR PACKAGE",
          "accepted_vol": 20
        },
        {
          "option_code": "P06",
          "option_desc": "20\" BLACK WHEEL PACKAGE",
          "accepted_vol": 10
        },
        {
          "option_code": "P12",
          "option_desc": "TOWING PACKAGE",
          "accepted_vol": 15
        }
      ],
      "drivetrain_mix": [
        {
          "drivetrain": "4MOTION®",
          "accepted_vol": 9
        },
        {
          "drivetrain": "FWD",
          "accepted_vol": 21
        }
      ],
      "transmission_mix": [
        {
          "transmission": "Automatic",
          "accepted_vol": 30
        },
        {
          "transmission": "Manual",
          "accepted_vol": 0
        }
      ],
      "ext_color_mix": [
        {
          "ext_color_code": "0Q0Q",
          "ext_color_desc": "PURE WHITE",
          "ext_color_category": "PURE WHITE",
          "accepted_vol": 2,
          "int_color_mix": [
            {
              "int_color_code": "SL",
              "int_color_desc": "SHETLAND V-TEX LEATHERETTE",
              "int_color_category": "BEIGE",
              "accepted_vol": 1
            },
            {
              "int_color_code": "WR",
              "int_color_desc": "TITAN BLACK V-TEX",
              "int_color_category": "BLACK",
              "accepted_vol": 1
            }
          ]
        },
        {
          "ext_color_code": "2R2R",
          "ext_color_desc": "PLATINUM GRAY METALLIC",
          "ext_color_category": "PLATINUM GRAY METALLIC",
          "accepted_vol": 1,
          "int_color_mix": [
            {
              "int_color_code": "WR",
              "int_color_desc": "TITAN BLACK V-TEX",
              "int_color_category": "BLACK",
              "accepted_vol": 1
            }
          ]
        },
        {
          "ext_color_code": "2T2T",
          "ext_color_desc": "DEEP BLACK PEARL",
          "ext_color_category": "DEEP BLACK PEARL",
          "accepted_vol": 4,
          "int_color_mix": [
            {
              "int_color_code": "SL",
              "int_color_desc": "SHETLAND V-TEX LEATHERETTE",
              "int_color_category": "BEIGE",
              "accepted_vol": 2
            },
            {
              "int_color_code": "WR",
              "int_color_desc": "TITAN BLACK V-TEX",
              "int_color_category": "BLACK",
              "accepted_vol": 1
            },
            {
              "int_color_code": "GO",
              "int_color_desc": "GOLDEN OAK & BLACK TWO-TONE",
              "int_color_category": "GO",
              "accepted_vol": 1
            }
          ]
        },
        {
          "ext_color_code": "8E8E",
          "ext_color_desc": "REFLEX SILVER METALLIC",
          "ext_color_category": "REFLEX SILVER METALLIC",
          "accepted_vol": 1,
          "int_color_mix": [
            {
              "int_color_code": "WR",
              "int_color_desc": "TITAN BLACK V-TEX",
              "int_color_category": "BLACK",
              "accepted_vol": 1
            }
          ]
        },
        {
          "ext_color_code": "I9I9",
          "ext_color_desc": "FORTANA RED METALLIC",
          "ext_color_category": "FORTANA RED METALLIC",
          "accepted_vol": 5,
          "int_color_mix": [
            {
              "int_color_code": "SL",
              "int_color_desc": "SHETLAND V-TEX LEATHERETTE",
              "int_color_category": "BEIGE",
              "accepted_vol": 1
            },
            {
              "int_color_code": "WR",
              "int_color_desc": "TITAN BLACK V-TEX",
              "int_color_category": "BLACK",
              "accepted_vol": 4
            }
          ]
        },
        {
          "ext_color_code": "J1J1",
          "ext_color_desc": "TERRA BROWN METALLIC",
          "ext_color_category": "TERRA BROWN METALLIC",
          "accepted_vol": 4,
          "int_color_mix": [
            {
              "int_color_code": "SL",
              "int_color_desc": "SHETLAND V-TEX LEATHERETTE",
              "int_color_category": "BEIGE",
              "accepted_vol": 1
            },
            {
              "int_color_code": "WR",
              "int_color_desc": "TITAN BLACK V-TEX",
              "int_color_category": "BLACK",
              "accepted_vol": 3
            }
          ]
        },
        {
          "ext_color_code": "P2P2",
          "ext_color_desc": "TOURMALINE BLUE METALLIC",
          "ext_color_category": "TOURMALINE BLUE METALLIC",
          "accepted_vol": 3,
          "int_color_mix": [
            {
              "int_color_code": "SL",
              "int_color_desc": "SHETLAND V-TEX LEATHERETTE",
              "int_color_category": "BEIGE",
              "accepted_vol": 1
            },
            {
              "int_color_code": "WR",
              "int_color_desc": "TITAN BLACK V-TEX",
              "int_color_category": "BLACK",
              "accepted_vol": 1
            },
            {
              "int_color_code": "GO",
              "int_color_desc": "GOLDEN OAK & BLACK TWO-TONE",
              "int_color_category": "GO",
              "accepted_vol": 1
            }
          ]
        }
      ]
    }
  ]
}
