{
  "mdo_options_all": [
    {
      "option_code": "ABA",
      "option_description": "REAR BUMPER APPLIQUE CHROME",
      "msrp": 150
    },
    {
      "option_code": "ATS",
      "option_description": "SIDE STEPS",
      "msrp": 695
    },
    {
      "option_code": "AMC",
      "option_description": "MONSTER MATS®,  HEAVY DUTY TRUNK LINER WITH VW CARGO BLOCKS - CAPTAIN'S CHAIRS",
      "msrp": 285
    },
    {
      "option_code": "AMK",
      "option_description": "MONSTER MATS®, HEAVY DUTY TRUNK LINER WITH VW CARGO BLOCKS",
      "msrp": 285
    },
    {
      "option_code": "BPM",
      "option_description": "PRISM MIRROR",
      "msrp": 180
    },
    {
      "option_code": "AGH",
      "option_description": "TOW & BALL MOUNTt, 7-PIN ADAPTER PLUG (5,000lbs)",
      "msrp": 325
    },
    {
      "option_code": "ALN",
      "option_description": "LUGGAGE NET",
      "msrp": 100
    },
    {
      "option_code": "ARV",
      "option_description": "AUTO DIMMING REAR VIEW MIRROR WITH HOMELINK®",
      "msrp": 325
    },
    {
      "option_code": "APC",
      "option_description": "PRIVACY COVER (TONNEAU)",
      "msrp": 200
    },
    {
      "option_code": "AGG",
      "option_description": "SPLASH GUARDS (SET OF 4)",
      "msrp": 220
    },
    {
      "option_code": "AWD",
      "option_description": "HOOD DEFLECTOR",
      "msrp": 200
    },
    {
      "option_code": "ATH",
      "option_description": "TRAILER HITCH RECEIVER KIT, HITCH BALL AND MOUNT (2,000lbs)",
      "msrp": 810
    },
    {
      "option_code": "BRK",
      "option_description": "ROADSIDE ASSISTANCE KIT",
      "msrp": 85
    },
    {
      "option_code": "BSK",
      "option_description": "COMBINATION ROADSIDE KIT",
      "msrp": 99
    },
    {
      "option_code": "BWL",
      "option_description": "WHEEL LOCKS (SET OF 4)",
      "msrp": 80
    },
    {
      "option_code": "CRS",
      "option_description": "VW CARE SUV",
      "msrp": 240
    },
    {
      "option_code": "FAK",
      "option_description": "FIRST AID KIT (PORT INSTALLED)",
      "msrp": 35
    }
  ]
}