{
  "ext_colors": [
    {
      "ext_color_code": "0Q0Q",
      "ext_color_description": "Pure White",
      "ext_color_img": "https://www.vw.com/content/dam/vwcom/colorSwatches/2019/atlas/0Q0Q.png"
    },
    {
      "ext_color_code": "8E8E",
      "ext_color_description": "Reflex Silver Metallic",      
      "ext_color_img": "https://www.vw.com/content/dam/vwcom/colorSwatches/2019/atlas/8E8E.png"
    },
    {
      "ext_color_code": "2T2T",
      "ext_color_description": "Deep Black Pearl",           
      "ext_color_img": "https://www.vw.com/content/dam/vwcom/colorSwatches/2019/atlas/2T2T.png"
    },
    {
      "ext_color_code": "2R2R",
      "ext_color_description": "Platinum Gray Metallic",        
      "ext_color_img": "https://www.vw.com/content/dam/vwcom/colorSwatches/2019/atlas/2R2R.png"
    },
    {
      "ext_color_code": "I9I9",
      "ext_color_description": "Fortana Red Metallic",         
      "ext_color_img": "https://www.vw.com/content/dam/vwcom/colorSwatches/2019/atlas/I9I9.png"
    },
    {
      "ext_color_code": "D5D5",
      "ext_color_description": "Pacific Blue Metallic",       
      "ext_color_img": "https://www.vw.com/content/dam/vwcom/colorSwatches/2019/atlas/D5D5.png"
    },
    {
      "ext_color_code": "J1J1",
      "ext_color_description": "Terra Brown Metallic",
      "ext_color_img": "https://www.vw.com/content/dam/vwcom/colorSwatches/2019/atlas/J1J1.png"
    },
    {
      "ext_color_code": "P2P2",
      "ext_color_description": "Tourmaline Blue Metallic",
      "ext_color_img": "https://www.vw.com/content/dam/vwcom/colorSwatches/2019/atlas/P2P2.png"
    }    
  ]
}