{
  "int_colors": [
    {
      "int_color_code": "BC",
      "int_color_description": "Titan Black Cloth",
      "int_color_img": "https://www.vw.com/content/dam/vwcom/colorSwatches/2019/atlas/BC.png"
    },
    {
      "int_color_code": "SL",
      "int_color_description": "Shetland Beige V-Tex Leatherette",
      "int_color_img": "https://www.vw.com/content/dam/vwcom/colorSwatches/2019/atlas/SL.png"
    },
    {
      "int_color_code": "WR",
      "int_color_description": "Titan Black V-Tex Leatherette",      
      "int_color_img": "https://www.vw.com/content/dam/vwcom/colorSwatches/2019/atlas/WR.png"
    },
    {
      "int_color_code": "BR",
      "int_color_description": "Titan Black Vienna Leather",
      "int_color_img": "https://www.vw.com/content/dam/vwcom/colorSwatches/2019/atlas/BR.png"
    },
    {
      "int_color_code": "SV",
      "int_color_description": "Shetland Beige Vienna Leather",
      "int_color_img": "https://www.vw.com/content/dam/vwcom/colorSwatches/2019/atlas/SV.png"
    },
    {
      "int_color_code": "GO",
      "int_color_description": "Golden Oak & Black  Vienna Leather",
      "int_color_img": "https://www.vw.com/content/dam/vwcom/colorSwatches/2019/atlas/GO.png"
    }            
  ]
}